"Year","Category","Data_item","Value","Units"
1980,"January 1 inventory","Milk cows and heifers that have calved",10758.2,"Thousand head"
1980,"January 1 inventory","Replacement heifers, 500+ pounds",4158.5,"Thousand head"
1980,"January 1 inventory","Replacements per 100 cows",38.7,"Head"
1980,"Production indicators","Milk production",128406,"Million pounds"
1980,"Production indicators","Milk per cow",11891,"Pounds"
1980,"Production indicators","Average number of milk cows in the United States",10799,"Thousand"
1980,"Milk and feed price indicators","Average price paid for milk",13,"Dollar per hundredweight"
1980,"Milk and feed price indicators","Milk-feed ratio",2.72,"Number"
1980,"Milk and feed price indicators","Dairy feed value",4.84,"Dollar per hundredweight"
1980,"Dairy cow indicators","Dairy cow prices",1195,"Dollars per head"
1980,"Dairy cow indicators","Milk volume required to buy a cow",9192,"Pounds"
1980,"Other indicators","Alfalfa hay price received by farmers",72,"Dollars per ton"
1980,"Other indicators","Slaughter cow price",45.73,"Dollar per hundredweight"
1981,"January 1 inventory","Milk cows and heifers that have calved",10849,"Thousand head"
1981,"January 1 inventory","Replacement heifers, 500+ pounds",4341.6,"Thousand head"
1981,"January 1 inventory","Replacements per 100 cows",40,"Head"
1981,"Production indicators","Milk production",132770,"Million pounds"
1981,"Production indicators","Milk per cow",12183,"Pounds"
1981,"Production indicators","Average number of milk cows in the United States",10898,"Thousand"
1981,"Milk and feed price indicators","Average price paid for milk",13.8,"Dollar per hundredweight"
1981,"Milk and feed price indicators","Milk-feed ratio",2.76,"Number"
1981,"Milk and feed price indicators","Dairy feed value",5.04,"Dollar per hundredweight"
1981,"Dairy cow indicators","Dairy cow prices",1202.5,"Dollars per head"
1981,"Dairy cow indicators","Milk volume required to buy a cow",8714,"Pounds"
1981,"Other indicators","Alfalfa hay price received by farmers",70.9,"Dollars per ton"
1981,"Other indicators","Slaughter cow price",41.93,"Dollar per hundredweight"
1982,"January 1 inventory","Milk cows and heifers that have calved",10985.9,"Thousand head"
1982,"January 1 inventory","Replacement heifers, 500+ pounds",4546.7,"Thousand head"
1982,"January 1 inventory","Replacements per 100 cows",41.4,"Head"
1982,"Production indicators","Milk production",135505,"Million pounds"
1982,"Production indicators","Milk per cow",12306,"Pounds"
1982,"Production indicators","Average number of milk cows in the United States",11011,"Thousand"
1982,"Milk and feed price indicators","Average price paid for milk",13.6,"Dollar per hundredweight"
1982,"Milk and feed price indicators","Milk-feed ratio",3.09,"Number"
1982,"Milk and feed price indicators","Dairy feed value",4.42,"Dollar per hundredweight"
1982,"Dairy cow indicators","Dairy cow prices",1112.5,"Dollars per head"
1982,"Dairy cow indicators","Milk volume required to buy a cow",8180,"Pounds"
1982,"Other indicators","Alfalfa hay price received by farmers",72.73,"Dollars per ton"
1982,"Other indicators","Slaughter cow price",39.96,"Dollar per hundredweight"
1983,"January 1 inventory","Milk cows and heifers that have calved",11046.8,"Thousand head"
1983,"January 1 inventory","Replacement heifers, 500+ pounds",4544.8,"Thousand head"
1983,"January 1 inventory","Replacements per 100 cows",41.1,"Head"
1983,"Production indicators","Milk production",139588,"Million pounds"
1983,"Production indicators","Milk per cow",12622,"Pounds"
1983,"Production indicators","Average number of milk cows in the United States",11059,"Thousand"
1983,"Milk and feed price indicators","Average price paid for milk",13.6,"Dollar per hundredweight"
1983,"Milk and feed price indicators","Milk-feed ratio",2.61,"Number"
1983,"Milk and feed price indicators","Dairy feed value",5.24,"Dollar per hundredweight"
1983,"Dairy cow indicators","Dairy cow prices",1032.5,"Dollars per head"
1983,"Dairy cow indicators","Milk volume required to buy a cow",7592,"Pounds"
1983,"Other indicators","Alfalfa hay price received by farmers",78.7,"Dollars per ton"
1983,"Other indicators","Slaughter cow price",39.35,"Dollar per hundredweight"
1984,"January 1 inventory","Milk cows and heifers that have calved",11058.7,"Thousand head"
1984,"January 1 inventory","Replacement heifers, 500+ pounds",4532.7,"Thousand head"
1984,"January 1 inventory","Replacements per 100 cows",41,"Head"
1984,"Production indicators","Milk production",135351,"Million pounds"
1984,"Production indicators","Milk per cow",12541,"Pounds"
1984,"Production indicators","Average number of milk cows in the United States",10793,"Thousand"
1984,"Milk and feed price indicators","Average price paid for milk",13.5,"Dollar per hundredweight"
1984,"Milk and feed price indicators","Milk-feed ratio",2.54,"Number"
1984,"Milk and feed price indicators","Dairy feed value",5.34,"Dollar per hundredweight"
1984,"Dairy cow indicators","Dairy cow prices",895,"Dollars per head"
1984,"Dairy cow indicators","Milk volume required to buy a cow",6630,"Pounds"
1984,"Other indicators","Alfalfa hay price received by farmers",79.48,"Dollars per ton"
1984,"Other indicators","Slaughter cow price",39.81,"Dollar per hundredweight"
1985,"January 1 inventory","Milk cows and heifers that have calved",10776.9,"Thousand head"
1985,"January 1 inventory","Replacement heifers, 500+ pounds",4770,"Thousand head"
1985,"January 1 inventory","Replacements per 100 cows",44.3,"Head"
1985,"Production indicators","Milk production",143012,"Million pounds"
1985,"Production indicators","Milk per cow",13024,"Pounds"
1985,"Production indicators","Average number of milk cows in the United States",10981,"Thousand"
1985,"Milk and feed price indicators","Average price paid for milk",12.7,"Dollar per hundredweight"
1985,"Milk and feed price indicators","Milk-feed ratio",2.84,"Number"
1985,"Milk and feed price indicators","Dairy feed value",4.5,"Dollar per hundredweight"
1985,"Dairy cow indicators","Dairy cow prices",861.25,"Dollars per head"
1985,"Dairy cow indicators","Milk volume required to buy a cow",6781,"Pounds"
1985,"Other indicators","Alfalfa hay price received by farmers",73.67,"Dollars per ton"
1985,"Other indicators","Slaughter cow price",38.31,"Dollar per hundredweight"
1986,"January 1 inventory","Milk cows and heifers that have calved",11115.5,"Thousand head"
1986,"January 1 inventory","Replacement heifers, 500+ pounds",4708.7,"Thousand head"
1986,"January 1 inventory","Replacements per 100 cows",42.4,"Head"
1986,"Production indicators","Milk production",143124,"Million pounds"
1986,"Production indicators","Milk per cow",13285,"Pounds"
1986,"Production indicators","Average number of milk cows in the United States",10773,"Thousand"
1986,"Milk and feed price indicators","Average price paid for milk",12.5,"Dollar per hundredweight"
1986,"Milk and feed price indicators","Milk-feed ratio",3.39,"Number"
1986,"Milk and feed price indicators","Dairy feed value",3.77,"Dollar per hundredweight"
1986,"Dairy cow indicators","Dairy cow prices",821.25,"Dollars per head"
1986,"Dairy cow indicators","Milk volume required to buy a cow",6570,"Pounds"
1986,"Other indicators","Alfalfa hay price received by farmers",64.64,"Dollars per ton"
1986,"Other indicators","Slaughter cow price",37.18,"Dollar per hundredweight"
1987,"January 1 inventory","Milk cows and heifers that have calved",10466.4,"Thousand head"
1987,"January 1 inventory","Replacement heifers, 500+ pounds",4304.9,"Thousand head"
1987,"January 1 inventory","Replacements per 100 cows",41.1,"Head"
1987,"Production indicators","Milk production",142709,"Million pounds"
1987,"Production indicators","Milk per cow",13819,"Pounds"
1987,"Production indicators","Average number of milk cows in the United States",10327,"Thousand"
1987,"Milk and feed price indicators","Average price paid for milk",12.5,"Dollar per hundredweight"
1987,"Milk and feed price indicators","Milk-feed ratio",3.64,"Number"
1987,"Milk and feed price indicators","Dairy feed value",3.45,"Dollar per hundredweight"
1987,"Dairy cow indicators","Dairy cow prices",917.5,"Dollars per head"
1987,"Dairy cow indicators","Milk volume required to buy a cow",7340,"Pounds"
1987,"Other indicators","Alfalfa hay price received by farmers",65.97,"Dollars per ton"
1987,"Other indicators","Slaughter cow price",44.8,"Dollar per hundredweight"
1988,"January 1 inventory","Milk cows and heifers that have calved",10311.2,"Thousand head"
1988,"January 1 inventory","Replacement heifers, 500+ pounds",4122.3,"Thousand head"
1988,"January 1 inventory","Replacements per 100 cows",40,"Head"
1988,"Production indicators","Milk production",145034,"Million pounds"
1988,"Production indicators","Milk per cow",14185,"Pounds"
1988,"Production indicators","Average number of milk cows in the United States",10224,"Thousand"
1988,"Milk and feed price indicators","Average price paid for milk",12.2,"Dollar per hundredweight"
1988,"Milk and feed price indicators","Milk-feed ratio",2.63,"Number"
1988,"Milk and feed price indicators","Dairy feed value",4.72,"Dollar per hundredweight"
1988,"Dairy cow indicators","Dairy cow prices",986.25,"Dollars per head"
1988,"Dairy cow indicators","Milk volume required to buy a cow",8084,"Pounds"
1988,"Other indicators","Alfalfa hay price received by farmers",82.51,"Dollars per ton"
1988,"Other indicators","Slaughter cow price",47.91,"Dollar per hundredweight"
1989,"January 1 inventory","Milk cows and heifers that have calved",10137.5,"Thousand head"
1989,"January 1 inventory","Replacement heifers, 500+ pounds",4116.7,"Thousand head"
1989,"January 1 inventory","Replacements per 100 cows",40.6,"Head"
1989,"Production indicators","Milk production",143893,"Million pounds"
1989,"Production indicators","Milk per cow",14323,"Pounds"
1989,"Production indicators","Average number of milk cows in the United States",10046,"Thousand"
1989,"Milk and feed price indicators","Average price paid for milk",13.6,"Dollar per hundredweight"
1989,"Milk and feed price indicators","Milk-feed ratio",2.7,"Number"
1989,"Milk and feed price indicators","Dairy feed value",5.07,"Dollar per hundredweight"
1989,"Dairy cow indicators","Dairy cow prices",1032.5,"Dollars per head"
1989,"Dairy cow indicators","Milk volume required to buy a cow",7592,"Pounds"
1989,"Other indicators","Alfalfa hay price received by farmers",95.98,"Dollars per ton"
1989,"Other indicators","Slaughter cow price",50.11,"Dollar per hundredweight"
1990,"January 1 inventory","Milk cows and heifers that have calved",10014.8,"Thousand head"
1990,"January 1 inventory","Replacement heifers, 500+ pounds",4170.6,"Thousand head"
1990,"January 1 inventory","Replacements per 100 cows",41.6,"Head"
1990,"Production indicators","Milk production",147721,"Million pounds"
1990,"Production indicators","Milk per cow",14782,"Pounds"
1990,"Production indicators","Average number of milk cows in the United States",9993,"Thousand"
1990,"Milk and feed price indicators","Average price paid for milk",13.7,"Dollar per hundredweight"
1990,"Milk and feed price indicators","Milk-feed ratio",2.82,"Number"
1990,"Milk and feed price indicators","Dairy feed value",4.86,"Dollar per hundredweight"
1990,"Dairy cow indicators","Dairy cow prices",1157.5,"Dollars per head"
1990,"Dairy cow indicators","Milk volume required to buy a cow",8449,"Pounds"
1990,"Other indicators","Alfalfa hay price received by farmers",92.56,"Dollars per ton"
1990,"Other indicators","Slaughter cow price",53.32,"Dollar per hundredweight"
1991,"January 1 inventory","Milk cows and heifers that have calved",9965.6,"Thousand head"
1991,"January 1 inventory","Replacement heifers, 500+ pounds",4093.4,"Thousand head"
1991,"January 1 inventory","Replacements per 100 cows",41.1,"Head"
1991,"Production indicators","Milk production",147697,"Million pounds"
1991,"Production indicators","Milk per cow",15031,"Pounds"
1991,"Production indicators","Average number of milk cows in the United States",9826,"Thousand"
1991,"Milk and feed price indicators","Average price paid for milk",12.2,"Dollar per hundredweight"
1991,"Milk and feed price indicators","Milk-feed ratio",2.74,"Number"
1991,"Milk and feed price indicators","Dairy feed value",4.49,"Dollar per hundredweight"
1991,"Dairy cow indicators","Dairy cow prices",1095,"Dollars per head"
1991,"Dairy cow indicators","Milk volume required to buy a cow",8975,"Pounds"
1991,"Other indicators","Alfalfa hay price received by farmers",78.96,"Dollars per ton"
1991,"Other indicators","Slaughter cow price",51.5,"Dollar per hundredweight"
1992,"January 1 inventory","Milk cows and heifers that have calved",9728.2,"Thousand head"
1992,"January 1 inventory","Replacement heifers, 500+ pounds",4131.4,"Thousand head"
1992,"January 1 inventory","Replacements per 100 cows",42.5,"Head"
1992,"Production indicators","Milk production",150847,"Million pounds"
1992,"Production indicators","Milk per cow",15570,"Pounds"
1992,"Production indicators","Average number of milk cows in the United States",9688,"Thousand"
1992,"Milk and feed price indicators","Average price paid for milk",13.1,"Dollar per hundredweight"
1992,"Milk and feed price indicators","Milk-feed ratio",3.01,"Number"
1992,"Milk and feed price indicators","Dairy feed value",4.37,"Dollar per hundredweight"
1992,"Dairy cow indicators","Dairy cow prices",1130,"Dollars per head"
1992,"Dairy cow indicators","Milk volume required to buy a cow",8626,"Pounds"
1992,"Other indicators","Alfalfa hay price received by farmers",75.51,"Dollars per ton"
1992,"Other indicators","Slaughter cow price",49.69,"Dollar per hundredweight"
1993,"January 1 inventory","Milk cows and heifers that have calved",9658.1,"Thousand head"
1993,"January 1 inventory","Replacement heifers, 500+ pounds",4176.2,"Thousand head"
1993,"January 1 inventory","Replacements per 100 cows",43.2,"Head"
1993,"Production indicators","Milk production",150636,"Million pounds"
1993,"Production indicators","Milk per cow",15722,"Pounds"
1993,"Production indicators","Average number of milk cows in the United States",9581,"Thousand"
1993,"Milk and feed price indicators","Average price paid for milk",12.8,"Dollar per hundredweight"
1993,"Milk and feed price indicators","Milk-feed ratio",2.8,"Number"
1993,"Milk and feed price indicators","Dairy feed value",4.6,"Dollar per hundredweight"
1993,"Dairy cow indicators","Dairy cow prices",1160,"Dollars per head"
1993,"Dairy cow indicators","Milk volume required to buy a cow",9062,"Pounds"
1993,"Other indicators","Alfalfa hay price received by farmers",86.67,"Dollars per ton"
1993,"Other indicators","Slaughter cow price",50.14,"Dollar per hundredweight"
1994,"January 1 inventory","Milk cows and heifers that have calved",9507,"Thousand head"
1994,"January 1 inventory","Replacement heifers, 500+ pounds",4124.5,"Thousand head"
1994,"January 1 inventory","Replacements per 100 cows",43.4,"Head"
1994,"Production indicators","Milk production",153602,"Million pounds"
1994,"Production indicators","Milk per cow",16179,"Pounds"
1994,"Production indicators","Average number of milk cows in the United States",9494,"Thousand"
1994,"Milk and feed price indicators","Average price paid for milk",13,"Dollar per hundredweight"
1994,"Milk and feed price indicators","Milk-feed ratio",2.65,"Number"
1994,"Milk and feed price indicators","Dairy feed value",4.93,"Dollar per hundredweight"
1994,"Dairy cow indicators","Dairy cow prices",1170,"Dollars per head"
1994,"Dairy cow indicators","Milk volume required to buy a cow",9000,"Pounds"
1994,"Other indicators","Alfalfa hay price received by farmers",93.63,"Dollars per ton"
1994,"Other indicators","Slaughter cow price",45.03,"Dollar per hundredweight"
1995,"January 1 inventory","Milk cows and heifers that have calved",9481.8,"Thousand head"
1995,"January 1 inventory","Replacement heifers, 500+ pounds",4121.3,"Thousand head"
1995,"January 1 inventory","Replacements per 100 cows",43.5,"Head"
1995,"Production indicators","Milk production",155292,"Million pounds"
1995,"Production indicators","Milk per cow",16405,"Pounds"
1995,"Production indicators","Average number of milk cows in the United States",9466,"Thousand"
1995,"Milk and feed price indicators","Average price paid for milk",12.7,"Dollar per hundredweight"
1995,"Milk and feed price indicators","Milk-feed ratio",2.59,"Number"
1995,"Milk and feed price indicators","Dairy feed value",4.91,"Dollar per hundredweight"
1995,"Dairy cow indicators","Dairy cow prices",1127.5,"Dollars per head"
1995,"Dairy cow indicators","Milk volume required to buy a cow",8878,"Pounds"
1995,"Other indicators","Alfalfa hay price received by farmers",88.09,"Dollars per ton"
1995,"Other indicators","Slaughter cow price",38.12,"Dollar per hundredweight"
1996,"January 1 inventory","Milk cows and heifers that have calved",9419.9,"Thousand head"
1996,"January 1 inventory","Replacement heifers, 500+ pounds",4090.3,"Thousand head"
1996,"January 1 inventory","Replacements per 100 cows",43.4,"Head"
1996,"Production indicators","Milk production",154006,"Million pounds"
1996,"Production indicators","Milk per cow",16433,"Pounds"
1996,"Production indicators","Average number of milk cows in the United States",9372,"Thousand"
1996,"Milk and feed price indicators","Average price paid for milk",14.9,"Dollar per hundredweight"
1996,"Milk and feed price indicators","Milk-feed ratio",2.44,"Number"
1996,"Milk and feed price indicators","Dairy feed value",6.11,"Dollar per hundredweight"
1996,"Dairy cow indicators","Dairy cow prices",1087.5,"Dollars per head"
1996,"Dairy cow indicators","Milk volume required to buy a cow",7299,"Pounds"
1996,"Other indicators","Alfalfa hay price received by farmers",95.03,"Dollars per ton"
1996,"Other indicators","Slaughter cow price",33,"Dollar per hundredweight"
1997,"January 1 inventory","Milk cows and heifers that have calved",9317.9,"Thousand head"
1997,"January 1 inventory","Replacement heifers, 500+ pounds",4058.4,"Thousand head"
1997,"January 1 inventory","Replacements per 100 cows",43.6,"Head"
1997,"Production indicators","Milk production",156091,"Million pounds"
1997,"Production indicators","Milk per cow",16871,"Pounds"
1997,"Production indicators","Average number of milk cows in the United States",9252,"Thousand"
1997,"Milk and feed price indicators","Average price paid for milk",13.3,"Dollar per hundredweight"
1997,"Milk and feed price indicators","Milk-feed ratio",2.38,"Number"
1997,"Milk and feed price indicators","Dairy feed value",5.59,"Dollar per hundredweight"
1997,"Dairy cow indicators","Dairy cow prices",1097.5,"Dollars per head"
1997,"Dairy cow indicators","Milk volume required to buy a cow",8252,"Pounds"
1997,"Other indicators","Alfalfa hay price received by farmers",110.69,"Dollars per ton"
1997,"Other indicators","Slaughter cow price",36.93,"Dollar per hundredweight"
1998,"January 1 inventory","Milk cows and heifers that have calved",9199,"Thousand head"
1998,"January 1 inventory","Replacement heifers, 500+ pounds",3985.7,"Thousand head"
1998,"January 1 inventory","Replacements per 100 cows",43.3,"Head"
1998,"Production indicators","Milk production",157262,"Million pounds"
1998,"Production indicators","Milk per cow",17185,"Pounds"
1998,"Production indicators","Average number of milk cows in the United States",9151,"Thousand"
1998,"Milk and feed price indicators","Average price paid for milk",15.5,"Dollar per hundredweight"
1998,"Milk and feed price indicators","Milk-feed ratio",3.34,"Number"
1998,"Milk and feed price indicators","Dairy feed value",4.64,"Dollar per hundredweight"
1998,"Dairy cow indicators","Dairy cow prices",1120,"Dollars per head"
1998,"Dairy cow indicators","Milk volume required to buy a cow",7226,"Pounds"
1998,"Other indicators","Alfalfa hay price received by farmers",94.28,"Dollars per ton"
1998,"Other indicators","Slaughter cow price",35.54,"Dollar per hundredweight"
1999,"January 1 inventory","Milk cows and heifers that have calved",9128,"Thousand head"
1999,"January 1 inventory","Replacement heifers, 500+ pounds",4068.8,"Thousand head"
1999,"January 1 inventory","Replacements per 100 cows",44.6,"Head"
1999,"Production indicators","Milk production",162589,"Million pounds"
1999,"Production indicators","Milk per cow",17763,"Pounds"
1999,"Production indicators","Average number of milk cows in the United States",9153,"Thousand"
1999,"Milk and feed price indicators","Average price paid for milk",14.4,"Dollar per hundredweight"
1999,"Milk and feed price indicators","Milk-feed ratio",3.59,"Number"
1999,"Milk and feed price indicators","Dairy feed value",4.01,"Dollar per hundredweight"
1999,"Dairy cow indicators","Dairy cow prices",1287.5,"Dollars per head"
1999,"Dairy cow indicators","Milk volume required to buy a cow",8941,"Pounds"
1999,"Other indicators","Alfalfa hay price received by farmers",82.26,"Dollars per ton"
1999,"Other indicators","Slaughter cow price",37.28,"Dollar per hundredweight"
2000,"January 1 inventory","Milk cows and heifers that have calved",9182.8,"Thousand head"
2000,"January 1 inventory","Replacement heifers, 500+ pounds",3999.8,"Thousand head"
2000,"January 1 inventory","Replacements per 100 cows",43.6,"Head"
2000,"Production indicators","Milk production",167393,"Million pounds"
2000,"Production indicators","Milk per cow",18197,"Pounds"
2000,"Production indicators","Average number of milk cows in the United States",9199,"Thousand"
2000,"Milk and feed price indicators","Average price paid for milk",12.3,"Dollar per hundredweight"
2000,"Milk and feed price indicators","Milk-feed ratio",3.05,"Number"
2000,"Milk and feed price indicators","Dairy feed value",4.03,"Dollar per hundredweight"
2000,"Dairy cow indicators","Dairy cow prices",1342.5,"Dollars per head"
2000,"Dairy cow indicators","Milk volume required to buy a cow",10915,"Pounds"
2000,"Other indicators","Alfalfa hay price received by farmers",83.88,"Dollars per ton"
2000,"Other indicators","Slaughter cow price",40.08,"Dollar per hundredweight"
2001,"January 1 inventory","Milk cows and heifers that have calved",9171.7,"Thousand head"
2001,"January 1 inventory","Replacement heifers, 500+ pounds",4057,"Thousand head"
2001,"January 1 inventory","Replacements per 100 cows",44.2,"Head"
2001,"Production indicators","Milk production",165332,"Million pounds"
2001,"Production indicators","Milk per cow",18162,"Pounds"
2001,"Production indicators","Average number of milk cows in the United States",9103,"Thousand"
2001,"Milk and feed price indicators","Average price paid for milk",15,"Dollar per hundredweight"
2001,"Milk and feed price indicators","Milk-feed ratio",3.39,"Number"
2001,"Milk and feed price indicators","Dairy feed value",4.42,"Dollar per hundredweight"
2001,"Dairy cow indicators","Dairy cow prices",1502.5,"Dollars per head"
2001,"Dairy cow indicators","Milk volume required to buy a cow",10017,"Pounds"
2001,"Other indicators","Alfalfa hay price received by farmers",102.41,"Dollars per ton"
2001,"Other indicators","Slaughter cow price",44.78,"Dollar per hundredweight"
2002,"January 1 inventory","Milk cows and heifers that have calved",9105.6,"Thousand head"
2002,"January 1 inventory","Replacement heifers, 500+ pounds",4054.8,"Thousand head"
2002,"January 1 inventory","Replacements per 100 cows",44.5,"Head"
2002,"Production indicators","Milk production",170063,"Million pounds"
2002,"Production indicators","Milk per cow",18608,"Pounds"
2002,"Production indicators","Average number of milk cows in the United States",9139,"Thousand"
2002,"Milk and feed price indicators","Average price paid for milk",12.1,"Dollar per hundredweight"
2002,"Milk and feed price indicators","Milk-feed ratio",2.6,"Number"
2002,"Milk and feed price indicators","Dairy feed value",4.65,"Dollar per hundredweight"
2002,"Dairy cow indicators","Dairy cow prices",1605,"Dollars per head"
2002,"Dairy cow indicators","Milk volume required to buy a cow",13264,"Pounds"
2002,"Other indicators","Alfalfa hay price received by farmers",101.3,"Dollars per ton"
2002,"Other indicators","Slaughter cow price",40.09,"Dollar per hundredweight"
2003,"January 1 inventory","Milk cows and heifers that have calved",9141.7,"Thousand head"
2003,"January 1 inventory","Replacement heifers, 500+ pounds",4113.9,"Thousand head"
2003,"January 1 inventory","Replacements per 100 cows",45,"Head"
2003,"Production indicators","Milk production",170348,"Million pounds"
2003,"Production indicators","Milk per cow",18759,"Pounds"
2003,"Production indicators","Average number of milk cows in the United States",9081,"Thousand"
2003,"Milk and feed price indicators","Average price paid for milk",12.5,"Dollar per hundredweight"
2003,"Milk and feed price indicators","Milk-feed ratio",2.61,"Number"
2003,"Milk and feed price indicators","Dairy feed value",4.79,"Dollar per hundredweight"
2003,"Dairy cow indicators","Dairy cow prices",1342.5,"Dollars per head"
2003,"Dairy cow indicators","Milk volume required to buy a cow",10740,"Pounds"
2003,"Other indicators","Alfalfa hay price received by farmers",94.03,"Dollars per ton"
2003,"Other indicators","Slaughter cow price",42.99,"Dollar per hundredweight"
2004,"January 1 inventory","Milk cows and heifers that have calved",8987.5,"Thousand head"
2004,"January 1 inventory","Replacement heifers, 500+ pounds",4018,"Thousand head"
2004,"January 1 inventory","Replacements per 100 cows",44.7,"Head"
2004,"Production indicators","Milk production",170832,"Million pounds"
2004,"Production indicators","Milk per cow",18960,"Pounds"
2004,"Production indicators","Average number of milk cows in the United States",9010,"Thousand"
2004,"Milk and feed price indicators","Average price paid for milk",16.1,"Dollar per hundredweight"
2004,"Milk and feed price indicators","Milk-feed ratio",3.1,"Number"
2004,"Milk and feed price indicators","Dairy feed value",5.19,"Dollar per hundredweight"
2004,"Dairy cow indicators","Dairy cow prices",1582.5,"Dollars per head"
2004,"Dairy cow indicators","Milk volume required to buy a cow",9829,"Pounds"
2004,"Other indicators","Alfalfa hay price received by farmers",95.13,"Dollars per ton"
2004,"Other indicators","Slaughter cow price",52.66,"Dollar per hundredweight"
2005,"January 1 inventory","Milk cows and heifers that have calved",9003.5,"Thousand head"
2005,"January 1 inventory","Replacement heifers, 500+ pounds",4116.6,"Thousand head"
2005,"January 1 inventory","Replacements per 100 cows",45.7,"Head"
2005,"Production indicators","Milk production",176931,"Million pounds"
2005,"Production indicators","Milk per cow",19550,"Pounds"
2005,"Production indicators","Average number of milk cows in the United States",9050,"Thousand"
2005,"Milk and feed price indicators","Average price paid for milk",15.1,"Dollar per hundredweight"
2005,"Milk and feed price indicators","Milk-feed ratio",3.24,"Number"
2005,"Milk and feed price indicators","Dairy feed value",4.66,"Dollar per hundredweight"
2005,"Dairy cow indicators","Dairy cow prices",1772.5,"Dollars per head"
2005,"Dairy cow indicators","Milk volume required to buy a cow",11738,"Pounds"
2005,"Other indicators","Alfalfa hay price received by farmers",102.53,"Dollars per ton"
2005,"Other indicators","Slaughter cow price",53.94,"Dollar per hundredweight"
2006,"January 1 inventory","Milk cows and heifers that have calved",9103.9,"Thousand head"
2006,"January 1 inventory","Replacement heifers, 500+ pounds",4298,"Thousand head"
2006,"January 1 inventory","Replacements per 100 cows",47.2,"Head"
2006,"Production indicators","Milk production",181782,"Million pounds"
2006,"Production indicators","Milk per cow",19895,"Pounds"
2006,"Production indicators","Average number of milk cows in the United States",9137,"Thousand"
2006,"Milk and feed price indicators","Average price paid for milk",12.9,"Dollar per hundredweight"
2006,"Milk and feed price indicators","Milk-feed ratio",2.57,"Number"
2006,"Milk and feed price indicators","Dairy feed value",5.02,"Dollar per hundredweight"
2006,"Dairy cow indicators","Dairy cow prices",1735,"Dollars per head"
2006,"Dairy cow indicators","Milk volume required to buy a cow",13450,"Pounds"
2006,"Other indicators","Alfalfa hay price received by farmers",107.71,"Dollars per ton"
2006,"Other indicators","Slaughter cow price",49.08,"Dollar per hundredweight"
2007,"January 1 inventory","Milk cows and heifers that have calved",9144.5,"Thousand head"
2007,"January 1 inventory","Replacement heifers, 500+ pounds",4324.9,"Thousand head"
2007,"January 1 inventory","Replacements per 100 cows",47.3,"Head"
2007,"Production indicators","Milk production",185654,"Million pounds"
2007,"Production indicators","Milk per cow",20204,"Pounds"
2007,"Production indicators","Average number of milk cows in the United States",9189,"Thousand"
2007,"Milk and feed price indicators","Average price paid for milk",19.1,"Dollar per hundredweight"
2007,"Milk and feed price indicators","Milk-feed ratio",2.8,"Number"
2007,"Milk and feed price indicators","Dairy feed value",6.82,"Dollar per hundredweight"
2007,"Dairy cow indicators","Dairy cow prices",1840,"Dollars per head"
2007,"Dairy cow indicators","Milk volume required to buy a cow",9634,"Pounds"
2007,"Other indicators","Alfalfa hay price received by farmers",130.58,"Dollars per ton"
2007,"Other indicators","Slaughter cow price",49.51,"Dollar per hundredweight"
2008,"January 1 inventory","Milk cows and heifers that have calved",9257,"Thousand head"
2008,"January 1 inventory","Replacement heifers, 500+ pounds",4415,"Thousand head"
2008,"January 1 inventory","Replacements per 100 cows",47.7,"Head"
2008,"Production indicators","Milk production",189978,"Million pounds"
2008,"Production indicators","Milk per cow",20397,"Pounds"
2008,"Production indicators","Average number of milk cows in the United States",9314,"Thousand"
2008,"Milk and feed price indicators","Average price paid for milk",18.3,"Dollar per hundredweight"
2008,"Milk and feed price indicators","Milk-feed ratio",2.01,"Number"
2008,"Milk and feed price indicators","Dairy feed value",9.1,"Dollar per hundredweight"
2008,"Dairy cow indicators","Dairy cow prices",1950,"Dollars per head"
2008,"Dairy cow indicators","Milk volume required to buy a cow",10656,"Pounds"
2008,"Other indicators","Alfalfa hay price received by farmers",161.33,"Dollars per ton"
2008,"Other indicators","Slaughter cow price",51.44,"Dollar per hundredweight"
2009,"January 1 inventory","Milk cows and heifers that have calved",9332.8,"Thousand head"
2009,"January 1 inventory","Replacement heifers, 500+ pounds",4409.5,"Thousand head"
2009,"January 1 inventory","Replacements per 100 cows",47.2,"Head"
2009,"Production indicators","Milk production",189202,"Million pounds"
2009,"Production indicators","Milk per cow",20561,"Pounds"
2009,"Production indicators","Average number of milk cows in the United States",9202,"Thousand"
2009,"Milk and feed price indicators","Average price paid for milk",12.8,"Dollar per hundredweight"
2009,"Milk and feed price indicators","Milk-feed ratio",1.78,"Number"
2009,"Milk and feed price indicators","Dairy feed value",7.19,"Dollar per hundredweight"
2009,"Dairy cow indicators","Dairy cow prices",1385,"Dollars per head"
2009,"Dairy cow indicators","Milk volume required to buy a cow",10820,"Pounds"
2009,"Other indicators","Alfalfa hay price received by farmers",122.92,"Dollars per ton"
2009,"Other indicators","Slaughter cow price",44.38,"Dollar per hundredweight"
2010,"January 1 inventory","Milk cows and heifers that have calved",9086.5,"Thousand head"
2010,"January 1 inventory","Replacement heifers, 500+ pounds",4551.2,"Thousand head"
2010,"January 1 inventory","Replacements per 100 cows",50.1,"Head"
2010,"Production indicators","Milk production",192877,"Million pounds"
2010,"Production indicators","Milk per cow",21142,"Pounds"
2010,"Production indicators","Average number of milk cows in the United States",9123,"Thousand"
2010,"Milk and feed price indicators","Average price paid for milk",16.3,"Dollar per hundredweight"
2010,"Milk and feed price indicators","Milk-feed ratio",2.26,"Number"
2010,"Milk and feed price indicators","Dairy feed value",7.21,"Dollar per hundredweight"
2010,"Dairy cow indicators","Dairy cow prices",1330,"Dollars per head"
2010,"Dairy cow indicators","Milk volume required to buy a cow",8160,"Pounds"
2010,"Other indicators","Alfalfa hay price received by farmers",116.42,"Dollars per ton"
2010,"Other indicators","Slaughter cow price",56.1,"Dollar per hundredweight"
2011,"January 1 inventory","Milk cows and heifers that have calved",9155.6,"Thousand head"
2011,"January 1 inventory","Replacement heifers, 500+ pounds",4577.2,"Thousand head"
2011,"January 1 inventory","Replacements per 100 cows",50,"Head"
2011,"Production indicators","Milk production",196255,"Million pounds"
2011,"Production indicators","Milk per cow",21334,"Pounds"
2011,"Production indicators","Average number of milk cows in the United States",9199,"Thousand"
2011,"Milk and feed price indicators","Average price paid for milk",20.1,"Dollar per hundredweight"
2011,"Milk and feed price indicators","Milk-feed ratio",1.9,"Number"
2011,"Milk and feed price indicators","Dairy feed value",10.58,"Dollar per hundredweight"
2011,"Dairy cow indicators","Dairy cow prices",1420,"Dollars per head"
2011,"Dairy cow indicators","Milk volume required to buy a cow",7065,"Pounds"
2011,"Other indicators","Alfalfa hay price received by farmers",176.08,"Dollars per ton"
2011,"Other indicators","Slaughter cow price",68.3,"Dollar per hundredweight"
2012,"January 1 inventory","Milk cows and heifers that have calved",9235.5,"Thousand head"
2012,"January 1 inventory","Replacement heifers, 500+ pounds",4618,"Thousand head"
2012,"January 1 inventory","Replacements per 100 cows",50,"Head"
2012,"Production indicators","Milk production",200642,"Million pounds"
2012,"Production indicators","Milk per cow",21722,"Pounds"
2012,"Production indicators","Average number of milk cows in the United States",9237,"Thousand"
2012,"Milk and feed price indicators","Average price paid for milk",18.5,"Dollar per hundredweight"
2012,"Milk and feed price indicators","Milk-feed ratio",1.52,"Number"
2012,"Milk and feed price indicators","Dairy feed value",12.17,"Dollar per hundredweight"
2012,"Dairy cow indicators","Dairy cow prices",1427.5,"Dollars per head"
2012,"Dairy cow indicators","Milk volume required to buy a cow",7716,"Pounds"
2012,"Other indicators","Alfalfa hay price received by farmers",206.08,"Dollars per ton"
2012,"Other indicators","Slaughter cow price",77.71,"Dollar per hundredweight"
2013,"January 1 inventory","Milk cows and heifers that have calved",9221.2,"Thousand head"
2013,"January 1 inventory","Replacement heifers, 500+ pounds",4545.7,"Thousand head"
2013,"January 1 inventory","Replacements per 100 cows",49.3,"Head"
2013,"Production indicators","Milk production",201260,"Million pounds"
2013,"Production indicators","Milk per cow",21819,"Pounds"
2013,"Production indicators","Average number of milk cows in the United States",9224,"Thousand"
2013,"Milk and feed price indicators","Average price paid for milk",20.1,"Dollar per hundredweight"
2013,"Milk and feed price indicators","Milk-feed ratio",1.75,"Number"
2013,"Milk and feed price indicators","Dairy feed value",11.49,"Dollar per hundredweight"
2013,"Dairy cow indicators","Dairy cow prices",1390,"Dollars per head"
2013,"Dairy cow indicators","Milk volume required to buy a cow",6915,"Pounds"
2013,"Other indicators","Alfalfa hay price received by farmers",205.83,"Dollars per ton"
2013,"Other indicators","Slaughter cow price",77.56,"Dollar per hundredweight"
2014,"January 1 inventory","Milk cows and heifers that have calved",9208.6,"Thousand head"
2014,"January 1 inventory","Replacement heifers, 500+ pounds",4538.7,"Thousand head"
2014,"January 1 inventory","Replacements per 100 cows",49.3,"Head"
2014,"Production indicators","Milk production",206048,"Million pounds"
2014,"Production indicators","Milk per cow",22249,"Pounds"
2014,"Production indicators","Average number of milk cows in the United States",9261,"Thousand"
2014,"Milk and feed price indicators","Average price paid for milk",24,"Dollar per hundredweight"
2014,"Milk and feed price indicators","Milk-feed ratio",2.54,"Number"
2014,"Milk and feed price indicators","Dairy feed value",9.45,"Dollar per hundredweight"
2014,"Dairy cow indicators","Dairy cow prices",1835,"Dollars per head"
2014,"Dairy cow indicators","Milk volume required to buy a cow",7646,"Pounds"
2014,"Other indicators","Alfalfa hay price received by farmers",200.25,"Dollars per ton"
2014,"Other indicators","Slaughter cow price",102.04,"Dollar per hundredweight"
2015,"January 1 inventory","Milk cows and heifers that have calved",9311.9,"Thousand head"
2015,"January 1 inventory","Replacement heifers, 500+ pounds",4710.4,"Thousand head"
2015,"January 1 inventory","Replacements per 100 cows",50.6,"Head"
2015,"Production indicators","Milk production",208508,"Million pounds"
2015,"Production indicators","Milk per cow",22372,"Pounds"
2015,"Production indicators","Average number of milk cows in the United States",9320,"Thousand"
2015,"Milk and feed price indicators","Average price paid for milk",17.1,"Dollar per hundredweight"
2015,"Milk and feed price indicators","Milk-feed ratio",2.14,"Number"
2015,"Milk and feed price indicators","Dairy feed value",7.99,"Dollar per hundredweight"
2015,"Dairy cow indicators","Dairy cow prices",1992.5,"Dollars per head"
2015,"Dairy cow indicators","Milk volume required to buy a cow",11652,"Pounds"
2015,"Other indicators","Alfalfa hay price received by farmers",165.83,"Dollars per ton"
2015,"Other indicators","Slaughter cow price",99.56,"Dollar per hundredweight"
2016,"January 1 inventory","Milk cows and heifers that have calved",9312.4,"Thousand head"
2016,"January 1 inventory","Replacement heifers, 500+ pounds",4814,"Thousand head"
2016,"January 1 inventory","Replacements per 100 cows",51.7,"Head"
2016,"Production indicators","Milk production",212451,"Million pounds"
2016,"Production indicators","Milk per cow",22761,"Pounds"
2016,"Production indicators","Average number of milk cows in the United States",9334,"Thousand"
2016,"Milk and feed price indicators","Average price paid for milk",16.3,"Dollar per hundredweight"
2016,"Milk and feed price indicators","Milk-feed ratio",2.26,"Number"
2016,"Milk and feed price indicators","Dairy feed value",7.21,"Dollar per hundredweight"
2016,"Dairy cow indicators","Dairy cow prices",1770,"Dollars per head"
2016,"Dairy cow indicators","Milk volume required to buy a cow",10859,"Pounds"
2016,"Other indicators","Alfalfa hay price received by farmers",138.33,"Dollars per ton"
2016,"Other indicators","Slaughter cow price",70.07,"Dollar per hundredweight"
2017,"January 1 inventory","Milk cows and heifers that have calved",9368.5,"Thousand head"
2017,"January 1 inventory","Replacement heifers, 500+ pounds",4754,"Thousand head"
2017,"January 1 inventory","Replacements per 100 cows",50.7,"Head"
2017,"Production indicators","Milk production",215527,"Million pounds"
2017,"Production indicators","Milk per cow",22914,"Pounds"
2017,"Production indicators","Average number of milk cows in the United States",9406,"Thousand"
2017,"Milk and feed price indicators","Average price paid for milk",17.7,"Dollar per hundredweight"
2017,"Milk and feed price indicators","Milk-feed ratio",2.42,"Number"
2017,"Milk and feed price indicators","Dairy feed value",7.31,"Dollar per hundredweight"
2017,"Dairy cow indicators","Dairy cow prices",1622.5,"Dollars per head"
2017,"Dairy cow indicators","Milk volume required to buy a cow",9167,"Pounds"
2017,"Other indicators","Alfalfa hay price received by farmers",145.67,"Dollars per ton"
2017,"Other indicators","Slaughter cow price",65.16,"Dollar per hundredweight"
2018,"January 1 inventory","Milk cows and heifers that have calved",9432.1,"Thousand head"
2018,"January 1 inventory","Replacement heifers, 500+ pounds",4768.3,"Thousand head"
2018,"January 1 inventory","Replacements per 100 cows",50.6,"Head"
2018,"Production indicators","Milk production",217584,"Million pounds"
2018,"Production indicators","Milk per cow",23152,"Pounds"
2018,"Production indicators","Average number of milk cows in the United States",9398,"Thousand"
2018,"Milk and feed price indicators","Average price paid for milk",16.3,"Dollar per hundredweight"
2018,"Milk and feed price indicators","Milk-feed ratio",2.05,"Number"
2018,"Milk and feed price indicators","Dairy feed value",7.95,"Dollar per hundredweight"
2018,"Dairy cow indicators","Dairy cow prices",1357.5,"Dollars per head"
2018,"Dairy cow indicators","Milk volume required to buy a cow",8328,"Pounds"
2018,"Other indicators","Alfalfa hay price received by farmers",174.17,"Dollars per ton"
2018,"Other indicators","Slaughter cow price",57.43,"Dollar per hundredweight"
2019,"January 1 inventory","Milk cows and heifers that have calved",9353.4,"Thousand head"
2019,"January 1 inventory","Replacement heifers, 500+ pounds",4673.5,"Thousand head"
2019,"January 1 inventory","Replacements per 100 cows",50,"Head"
2019,"Production indicators","Milk production",218444,"Million pounds"
2019,"Production indicators","Milk per cow",23401,"Pounds"
2019,"Production indicators","Average number of milk cows in the United States",9335,"Thousand"
2019,"Milk and feed price indicators","Average price paid for milk",18.7,"Dollar per hundredweight"
2019,"Milk and feed price indicators","Milk-feed ratio",2.25,"Number"
2019,"Milk and feed price indicators","Dairy feed value",8.31,"Dollar per hundredweight"
2019,"Dairy cow indicators","Dairy cow prices",1205,"Dollars per head"
2019,"Dairy cow indicators","Milk volume required to buy a cow",6444,"Pounds"
2019,"Other indicators","Alfalfa hay price received by farmers",182.92,"Dollars per ton"
2019,"Other indicators","Slaughter cow price",56.43,"Dollar per hundredweight"
2020,"January 1 inventory","Milk cows and heifers that have calved",9343.6,"Thousand head"
2020,"January 1 inventory","Replacement heifers, 500+ pounds",4610,"Thousand head"
2020,"January 1 inventory","Replacements per 100 cows",49.3,"Head"
2020,"Production indicators","Milk production",223282,"Million pounds"
2020,"Production indicators","Milk per cow",23764,"Pounds"
2020,"Production indicators","Average number of milk cows in the United States",9396,"Thousand"
2020,"Milk and feed price indicators","Average price paid for milk",18.1,"Dollar per hundredweight"
2020,"Milk and feed price indicators","Milk-feed ratio",2.32,"Number"
2020,"Milk and feed price indicators","Dairy feed value",7.8,"Dollar per hundredweight"
2020,"Dairy cow indicators","Dairy cow prices",1300,"Dollars per head"
2020,"Dairy cow indicators","Milk volume required to buy a cow",7182,"Pounds"
2020,"Other indicators","Alfalfa hay price received by farmers",171.33,"Dollars per ton"
2020,"Other indicators","Slaughter cow price",60.61,"Dollar per hundredweight"
2021,"January 1 inventory","Milk cows and heifers that have calved",9450.4,"Thousand head"
2021,"January 1 inventory","Replacement heifers, 500+ pounds",4498,"Thousand head"
2021,"January 1 inventory","Replacements per 100 cows",47.6,"Head"
2021,"Production indicators","Milk production",226238,"Million pounds"
2021,"Production indicators","Milk per cow",23943,"Pounds"
2021,"Production indicators","Average number of milk cows in the United States",9449,"Thousand"
2021,"Milk and feed price indicators","Average price paid for milk",18.5,"Dollar per hundredweight"
2021,"Milk and feed price indicators","Milk-feed ratio",1.74,"Number"
2021,"Milk and feed price indicators","Dairy feed value",10.63,"Dollar per hundredweight"
2021,"Dairy cow indicators","Dairy cow prices",1362.5,"Dollars per head"
2021,"Dairy cow indicators","Milk volume required to buy a cow",7365,"Pounds"
2021,"Other indicators","Alfalfa hay price received by farmers",199.5,"Dollars per ton"
2021,"Other indicators","Slaughter cow price",64.91,"Dollar per hundredweight"
2022,"January 1 inventory","Milk cows and heifers that have calved",9381,"Thousand head"
2022,"January 1 inventory","Replacement heifers, 500+ pounds",4222.1,"Thousand head"
2022,"January 1 inventory","Replacements per 100 cows",45,"Head"
2022,"Production indicators","Milk production",226416,"Million pounds"
2022,"Production indicators","Milk per cow",24087,"Pounds"
2022,"Production indicators","Average number of milk cows in the United States",9400,"Thousand"
2022,"Milk and feed price indicators","Average price paid for milk",25.3,"Dollar per hundredweight"
2022,"Milk and feed price indicators","Milk-feed ratio",1.89,"Number"
2022,"Milk and feed price indicators","Dairy feed value",13.39,"Dollar per hundredweight"
2022,"Dairy cow indicators","Dairy cow prices",1597.5,"Dollars per head"
2022,"Dairy cow indicators","Milk volume required to buy a cow",6314,"Pounds"
2022,"Other indicators","Alfalfa hay price received by farmers",258.42,"Dollars per ton"
2022,"Other indicators","Slaughter cow price",78.44,"Dollar per hundredweight"
2023,"January 1 inventory","Milk cows and heifers that have calved",9397.5,"Thousand head"
2023,"January 1 inventory","Replacement heifers, 500+ pounds",4073.6,"Thousand head"
2023,"January 1 inventory","Replacements per 100 cows",43.3,"Head"
2023,"Production indicators","Milk production",226311,"Million pounds"
2023,"Production indicators","Milk per cow",24117,"Pounds"
2023,"Production indicators","Average number of milk cows in the United States",9384,"Thousand"
2023,"Milk and feed price indicators","Average price paid for milk",20.3,"Dollar per hundredweight"
2023,"Milk and feed price indicators","Milk-feed ratio",1.67,"Number"
2023,"Milk and feed price indicators","Dairy feed value",12.16,"Dollar per hundredweight"
2023,"Dairy cow indicators","Dairy cow prices",1762.5,"Dollars per head"
2023,"Dairy cow indicators","Milk volume required to buy a cow",8682,"Pounds"
2023,"Other indicators","Alfalfa hay price received by farmers",246.5,"Dollars per ton"
2023,"Other indicators","Slaughter cow price",94.77,"Dollar per hundredweight"
2024,"January 1 inventory","Milk cows and heifers that have calved",9346.8,"Thousand head"
2024,"January 1 inventory","Replacement heifers, 500+ pounds",3951.2,"Thousand head"
2024,"January 1 inventory","Replacements per 100 cows",42.3,"Head"
2024,"Production indicators","Milk production",225868,"Million pounds"
2024,"Production indicators","Milk per cow",24178,"Pounds"
2024,"Production indicators","Average number of milk cows in the United States",9342,"Thousand"
2024,"Milk and feed price indicators","Average price paid for milk",22.6,"Dollar per hundredweight"
2024,"Milk and feed price indicators","Milk-feed ratio",2.48,"Number"
2024,"Milk and feed price indicators","Dairy feed value",9.11,"Dollar per hundredweight"
2024,"Dairy cow indicators","Dairy cow prices",2242.5,"Dollars per head"
2024,"Dairy cow indicators","Milk volume required to buy a cow",9923,"Pounds"
2024,"Other indicators","Alfalfa hay price received by farmers",185.25,"Dollars per ton"
2024,"Other indicators","Slaughter cow price",118.8,"Dollar per hundredweight"
2025,"January 1 inventory","Milk cows and heifers that have calved",9349.3,"Thousand head"
2025,"January 1 inventory","Replacement heifers, 500+ pounds",3914.3,"Thousand head"
2025,"January 1 inventory","Replacements per 100 cows",41.9,"Head"
2025,"Production indicators","Milk production",#N/A,"Million pounds"
2025,"Production indicators","Milk per cow",#N/A,"Pounds"
2025,"Production indicators","Average number of milk cows in the United States",#N/A,"Thousand"
2025,"Milk and feed price indicators","Average price paid for milk",#N/A,"Dollar per hundredweight"
2025,"Milk and feed price indicators","Milk-feed ratio",#N/A,"Number"
2025,"Milk and feed price indicators","Dairy feed value",#N/A,"Dollar per hundredweight"
2025,"Dairy cow indicators","Dairy cow prices",#N/A,"Dollars per head"
2025,"Dairy cow indicators","Milk volume required to buy a cow",#N/A,"Pounds"
2025,"Other indicators","Alfalfa hay price received by farmers",#N/A,"Dollars per ton"
2025,"Other indicators","Slaughter cow price",#N/A,"Dollar per hundredweight"
