Year,Period,Timeperiod_id,Timeperiod_name,Aggregation,Data_item,Value,Units
1998,JAN-MAR,13,Quarter 1,Not applicable,16-percent protein feed value,5.31,Dollars per hundredweight
1998,JAN-MAR,13,Quarter 1,Not applicable,Milk cow,9174,"1,000 head"
1998,JAN-MAR,13,Quarter 1,Not applicable,Milk per cow,4268,Pounds
1998,JAN-MAR,13,Quarter 1,Not applicable,Milk production,39155,Million pounds
1998,JAN-MAR,13,Quarter 1,Not applicable,Replacement cow price,1070,Dollars per head
1998,APR-JUN,14,Quarter 2,Not applicable,16-percent protein feed value,5.03,Dollars per hundredweight
1998,APR-JUN,14,Quarter 2,Not applicable,Milk cow,9165,"1,000 head"
1998,APR-JUN,14,Quarter 2,Not applicable,Milk per cow,4447,Pounds
1998,APR-JUN,14,Quarter 2,Not applicable,Milk production,40753,Million pounds
1998,APR-JUN,14,Quarter 2,Not applicable,Replacement cow price,1110,Dollars per head
1998,JUL-SEP,15,Quarter 3,Not applicable,16-percent protein feed value,4.38,Dollars per hundredweight
1998,JUL-SEP,15,Quarter 3,Not applicable,Milk cow,9142,"1,000 head"
1998,JUL-SEP,15,Quarter 3,Not applicable,Milk per cow,4210,Pounds
1998,JUL-SEP,15,Quarter 3,Not applicable,Milk production,38486,Million pounds
1998,JUL-SEP,15,Quarter 3,Not applicable,Replacement cow price,1120,Dollars per head
1998,OCT-DEC,16,Quarter 4,Not applicable,16-percent protein feed value,4.2,Dollars per hundredweight
1998,OCT-DEC,16,Quarter 4,Not applicable,Milk cow,9121,"1,000 head"
1998,OCT-DEC,16,Quarter 4,Not applicable,Milk per cow,4261,Pounds
1998,OCT-DEC,16,Quarter 4,Not applicable,Milk production,38868,Million pounds
1998,OCT-DEC,16,Quarter 4,Not applicable,Replacement cow price,1180,Dollars per head
1998,ANNUAL,17,Annual aggregation,Quarterly average,16-percent protein feed value,4.73,Dollars per hundredweight
1998,ANNUAL,17,Annual aggregation,Quarterly average,Milk cow,9150,"1,000 head"
1998,ANNUAL,17,Annual aggregation,Quarterly sum,Milk per cow,17185,Pounds
1998,ANNUAL,17,Annual aggregation,Quarterly sum,Milk production,157262,Million pounds
1998,ANNUAL,17,Annual aggregation,Quarterly average,Replacement cow price,1120,Dollars per head
1999,JAN-MAR,13,Quarter 1,Not applicable,16-percent protein feed value,4.22,Dollars per hundredweight
1999,JAN-MAR,13,Quarter 1,Not applicable,Milk cow,9122,"1,000 head"
1999,JAN-MAR,13,Quarter 1,Not applicable,Milk per cow,4436,Pounds
1999,JAN-MAR,13,Quarter 1,Not applicable,Milk production,40461,Million pounds
1999,JAN-MAR,13,Quarter 1,Not applicable,Replacement cow price,1250,Dollars per head
1999,APR-JUN,14,Quarter 2,Not applicable,16-percent protein feed value,4.2,Dollars per hundredweight
1999,APR-JUN,14,Quarter 2,Not applicable,Milk cow,9151,"1,000 head"
1999,APR-JUN,14,Quarter 2,Not applicable,Milk per cow,4589,Pounds
1999,APR-JUN,14,Quarter 2,Not applicable,Milk production,41997,Million pounds
1999,APR-JUN,14,Quarter 2,Not applicable,Replacement cow price,1240,Dollars per head
1999,JUL-SEP,15,Quarter 3,Not applicable,16-percent protein feed value,3.87,Dollars per hundredweight
1999,JUL-SEP,15,Quarter 3,Not applicable,Milk cow,9168,"1,000 head"
1999,JUL-SEP,15,Quarter 3,Not applicable,Milk per cow,4334,Pounds
1999,JUL-SEP,15,Quarter 3,Not applicable,Milk production,39732,Million pounds
1999,JUL-SEP,15,Quarter 3,Not applicable,Replacement cow price,1280,Dollars per head
1999,OCT-DEC,16,Quarter 4,Not applicable,16-percent protein feed value,3.75,Dollars per hundredweight
1999,OCT-DEC,16,Quarter 4,Not applicable,Milk cow,9169,"1,000 head"
1999,OCT-DEC,16,Quarter 4,Not applicable,Milk per cow,4406,Pounds
1999,OCT-DEC,16,Quarter 4,Not applicable,Milk production,40399,Million pounds
1999,OCT-DEC,16,Quarter 4,Not applicable,Replacement cow price,1380,Dollars per head
1999,ANNUAL,17,Annual aggregation,Quarterly average,16-percent protein feed value,4.01,Dollars per hundredweight
1999,ANNUAL,17,Annual aggregation,Quarterly average,Milk cow,9152,"1,000 head"
1999,ANNUAL,17,Annual aggregation,Quarterly sum,Milk per cow,17763,Pounds
1999,ANNUAL,17,Annual aggregation,Quarterly sum,Milk production,162589,Million pounds
1999,ANNUAL,17,Annual aggregation,Quarterly average,Replacement cow price,1280,Dollars per head
2000,JAN-MAR,13,Quarter 1,Not applicable,16-percent protein feed value,4.01,Dollars per hundredweight
2000,JAN-MAR,13,Quarter 1,Not applicable,Milk cow,9182,"1,000 head"
2000,JAN-MAR,13,Quarter 1,Not applicable,Milk per cow,4637,Pounds
2000,JAN-MAR,13,Quarter 1,Not applicable,Milk production,42576,Million pounds
2000,JAN-MAR,13,Quarter 1,Not applicable,Replacement cow price,1330,Dollars per head
2000,APR-JUN,14,Quarter 2,Not applicable,16-percent protein feed value,4.25,Dollars per hundredweight
2000,APR-JUN,14,Quarter 2,Not applicable,Milk cow,9205,"1,000 head"
2000,APR-JUN,14,Quarter 2,Not applicable,Milk per cow,4687,Pounds
2000,APR-JUN,14,Quarter 2,Not applicable,Milk production,43143,Million pounds
2000,APR-JUN,14,Quarter 2,Not applicable,Replacement cow price,1340,Dollars per head
2000,JUL-SEP,15,Quarter 3,Not applicable,16-percent protein feed value,3.79,Dollars per hundredweight
2000,JUL-SEP,15,Quarter 3,Not applicable,Milk cow,9214,"1,000 head"
2000,JUL-SEP,15,Quarter 3,Not applicable,Milk per cow,4456,Pounds
2000,JUL-SEP,15,Quarter 3,Not applicable,Milk production,41062,Million pounds
2000,JUL-SEP,15,Quarter 3,Not applicable,Replacement cow price,1350,Dollars per head
2000,OCT-DEC,16,Quarter 4,Not applicable,16-percent protein feed value,4.13,Dollars per hundredweight
2000,OCT-DEC,16,Quarter 4,Not applicable,Milk cow,9196,"1,000 head"
2000,OCT-DEC,16,Quarter 4,Not applicable,Milk per cow,4416,Pounds
2000,OCT-DEC,16,Quarter 4,Not applicable,Milk production,40612,Million pounds
2000,OCT-DEC,16,Quarter 4,Not applicable,Replacement cow price,1350,Dollars per head
2000,ANNUAL,17,Annual aggregation,Quarterly average,16-percent protein feed value,4.04,Dollars per hundredweight
2000,ANNUAL,17,Annual aggregation,Quarterly average,Milk cow,9199,"1,000 head"
2000,ANNUAL,17,Annual aggregation,Quarterly sum,Milk per cow,18197,Pounds
2000,ANNUAL,17,Annual aggregation,Quarterly sum,Milk production,167393,Million pounds
2000,ANNUAL,17,Annual aggregation,Quarterly average,Replacement cow price,1340,Dollars per head
2001,JAN-MAR,13,Quarter 1,Not applicable,16-percent protein feed value,4.3,Dollars per hundredweight
2001,JAN-MAR,13,Quarter 1,Not applicable,Milk cow,9133,"1,000 head"
2001,JAN-MAR,13,Quarter 1,Not applicable,Milk per cow,4517,Pounds
2001,JAN-MAR,13,Quarter 1,Not applicable,Milk production,41250,Million pounds
2001,JAN-MAR,13,Quarter 1,Not applicable,Replacement cow price,1320,Dollars per head
2001,APR-JUN,14,Quarter 2,Not applicable,16-percent protein feed value,4.41,Dollars per hundredweight
2001,APR-JUN,14,Quarter 2,Not applicable,Milk cow,9100,"1,000 head"
2001,APR-JUN,14,Quarter 2,Not applicable,Milk per cow,4691,Pounds
2001,APR-JUN,14,Quarter 2,Not applicable,Milk production,42685,Million pounds
2001,APR-JUN,14,Quarter 2,Not applicable,Replacement cow price,1400,Dollars per head
2001,JUL-SEP,15,Quarter 3,Not applicable,16-percent protein feed value,4.52,Dollars per hundredweight
2001,JUL-SEP,15,Quarter 3,Not applicable,Milk cow,9082,"1,000 head"
2001,JUL-SEP,15,Quarter 3,Not applicable,Milk per cow,4460,Pounds
2001,JUL-SEP,15,Quarter 3,Not applicable,Milk production,40508,Million pounds
2001,JUL-SEP,15,Quarter 3,Not applicable,Replacement cow price,1590,Dollars per head
2001,OCT-DEC,16,Quarter 4,Not applicable,16-percent protein feed value,4.43,Dollars per hundredweight
2001,OCT-DEC,16,Quarter 4,Not applicable,Milk cow,9095,"1,000 head"
2001,OCT-DEC,16,Quarter 4,Not applicable,Milk per cow,4496,Pounds
2001,OCT-DEC,16,Quarter 4,Not applicable,Milk production,40889,Million pounds
2001,OCT-DEC,16,Quarter 4,Not applicable,Replacement cow price,1700,Dollars per head
2001,ANNUAL,17,Annual aggregation,Quarterly average,16-percent protein feed value,4.41,Dollars per hundredweight
2001,ANNUAL,17,Annual aggregation,Quarterly average,Milk cow,9102,"1,000 head"
2001,ANNUAL,17,Annual aggregation,Quarterly sum,Milk per cow,18162,Pounds
2001,ANNUAL,17,Annual aggregation,Quarterly sum,Milk production,165332,Million pounds
2001,ANNUAL,17,Annual aggregation,Quarterly average,Replacement cow price,1500,Dollars per head
2002,JAN-MAR,13,Quarter 1,Not applicable,16-percent protein feed value,4.4,Dollars per hundredweight
2002,JAN-MAR,13,Quarter 1,Not applicable,Milk cow,9113,"1,000 head"
2002,JAN-MAR,13,Quarter 1,Not applicable,Milk per cow,4662,Pounds
2002,JAN-MAR,13,Quarter 1,Not applicable,Milk production,42485,Million pounds
2002,JAN-MAR,13,Quarter 1,Not applicable,Replacement cow price,1610,Dollars per head
2002,APR-JUN,14,Quarter 2,Not applicable,16-percent protein feed value,4.52,Dollars per hundredweight
2002,APR-JUN,14,Quarter 2,Not applicable,Milk cow,9148,"1,000 head"
2002,APR-JUN,14,Quarter 2,Not applicable,Milk per cow,4820,Pounds
2002,APR-JUN,14,Quarter 2,Not applicable,Milk production,44089,Million pounds
2002,APR-JUN,14,Quarter 2,Not applicable,Replacement cow price,1710,Dollars per head
2002,JUL-SEP,15,Quarter 3,Not applicable,16-percent protein feed value,4.9,Dollars per hundredweight
2002,JUL-SEP,15,Quarter 3,Not applicable,Milk cow,9154,"1,000 head"
2002,JUL-SEP,15,Quarter 3,Not applicable,Milk per cow,4571,Pounds
2002,JUL-SEP,15,Quarter 3,Not applicable,Milk production,41846,Million pounds
2002,JUL-SEP,15,Quarter 3,Not applicable,Replacement cow price,1670,Dollars per head
2002,OCT-DEC,16,Quarter 4,Not applicable,16-percent protein feed value,4.88,Dollars per hundredweight
2002,OCT-DEC,16,Quarter 4,Not applicable,Milk cow,9142,"1,000 head"
2002,OCT-DEC,16,Quarter 4,Not applicable,Milk per cow,4555,Pounds
2002,OCT-DEC,16,Quarter 4,Not applicable,Milk production,41643,Million pounds
2002,OCT-DEC,16,Quarter 4,Not applicable,Replacement cow price,1430,Dollars per head
2002,ANNUAL,17,Annual aggregation,Quarterly average,16-percent protein feed value,4.67,Dollars per hundredweight
2002,ANNUAL,17,Annual aggregation,Quarterly average,Milk cow,9139,"1,000 head"
2002,ANNUAL,17,Annual aggregation,Quarterly sum,Milk per cow,18608,Pounds
2002,ANNUAL,17,Annual aggregation,Quarterly sum,Milk production,170063,Million pounds
2002,ANNUAL,17,Annual aggregation,Quarterly average,Replacement cow price,1600,Dollars per head
2003,JAN-MAR,13,Quarter 1,Not applicable,16-percent protein feed value,4.86,Dollars per hundredweight
2003,JAN-MAR,13,Quarter 1,Not applicable,Milk cow,9141,"1,000 head"
2003,JAN-MAR,13,Quarter 1,Not applicable,Milk per cow,4714,Pounds
2003,JAN-MAR,13,Quarter 1,Not applicable,Milk production,43091,Million pounds
2003,JAN-MAR,13,Quarter 1,Not applicable,Replacement cow price,1380,Dollars per head
2003,APR-JUN,14,Quarter 2,Not applicable,16-percent protein feed value,4.98,Dollars per hundredweight
2003,APR-JUN,14,Quarter 2,Not applicable,Milk cow,9107,"1,000 head"
2003,APR-JUN,14,Quarter 2,Not applicable,Milk per cow,4830,Pounds
2003,APR-JUN,14,Quarter 2,Not applicable,Milk production,43989,Million pounds
2003,APR-JUN,14,Quarter 2,Not applicable,Replacement cow price,1300,Dollars per head
2003,JUL-SEP,15,Quarter 3,Not applicable,16-percent protein feed value,4.64,Dollars per hundredweight
2003,JUL-SEP,15,Quarter 3,Not applicable,Milk cow,9068,"1,000 head"
2003,JUL-SEP,15,Quarter 3,Not applicable,Milk per cow,4603,Pounds
2003,JUL-SEP,15,Quarter 3,Not applicable,Milk production,41740,Million pounds
2003,JUL-SEP,15,Quarter 3,Not applicable,Replacement cow price,1310,Dollars per head
2003,OCT-DEC,16,Quarter 4,Not applicable,16-percent protein feed value,4.73,Dollars per hundredweight
2003,OCT-DEC,16,Quarter 4,Not applicable,Milk cow,9009,"1,000 head"
2003,OCT-DEC,16,Quarter 4,Not applicable,Milk per cow,4610,Pounds
2003,OCT-DEC,16,Quarter 4,Not applicable,Milk production,41528,Million pounds
2003,OCT-DEC,16,Quarter 4,Not applicable,Replacement cow price,1380,Dollars per head
2003,ANNUAL,17,Annual aggregation,Quarterly average,16-percent protein feed value,4.8,Dollars per hundredweight
2003,ANNUAL,17,Annual aggregation,Quarterly average,Milk cow,9081,"1,000 head"
2003,ANNUAL,17,Annual aggregation,Quarterly sum,Milk per cow,18759,Pounds
2003,ANNUAL,17,Annual aggregation,Quarterly sum,Milk production,170348,Million pounds
2003,ANNUAL,17,Annual aggregation,Quarterly average,Replacement cow price,1340,Dollars per head
2004,JAN-MAR,13,Quarter 1,Not applicable,16-percent protein feed value,5.21,Dollars per hundredweight
2004,JAN-MAR,13,Quarter 1,Not applicable,Milk cow,8993,"1,000 head"
2004,JAN-MAR,13,Quarter 1,Not applicable,Milk per cow,4755,Pounds
2004,JAN-MAR,13,Quarter 1,Not applicable,Milk production,42762,Million pounds
2004,JAN-MAR,13,Quarter 1,Not applicable,Replacement cow price,1390,Dollars per head
2004,APR-JUN,14,Quarter 2,Not applicable,16-percent protein feed value,5.92,Dollars per hundredweight
2004,APR-JUN,14,Quarter 2,Not applicable,Milk cow,9002,"1,000 head"
2004,APR-JUN,14,Quarter 2,Not applicable,Milk per cow,4870,Pounds
2004,APR-JUN,14,Quarter 2,Not applicable,Milk production,43839,Million pounds
2004,APR-JUN,14,Quarter 2,Not applicable,Replacement cow price,1580,Dollars per head
2004,JUL-SEP,15,Quarter 3,Not applicable,16-percent protein feed value,5.1,Dollars per hundredweight
2004,JUL-SEP,15,Quarter 3,Not applicable,Milk cow,9027,"1,000 head"
2004,JUL-SEP,15,Quarter 3,Not applicable,Milk per cow,4676,Pounds
2004,JUL-SEP,15,Quarter 3,Not applicable,Milk production,42212,Million pounds
2004,JUL-SEP,15,Quarter 3,Not applicable,Replacement cow price,1720,Dollars per head
2004,OCT-DEC,16,Quarter 4,Not applicable,16-percent protein feed value,4.58,Dollars per hundredweight
2004,OCT-DEC,16,Quarter 4,Not applicable,Milk cow,9019,"1,000 head"
2004,OCT-DEC,16,Quarter 4,Not applicable,Milk per cow,4659,Pounds
2004,OCT-DEC,16,Quarter 4,Not applicable,Milk production,42019,Million pounds
2004,OCT-DEC,16,Quarter 4,Not applicable,Replacement cow price,1640,Dollars per head
2004,ANNUAL,17,Annual aggregation,Quarterly average,16-percent protein feed value,5.2,Dollars per hundredweight
2004,ANNUAL,17,Annual aggregation,Quarterly average,Milk cow,9010,"1,000 head"
2004,ANNUAL,17,Annual aggregation,Quarterly sum,Milk per cow,18960,Pounds
2004,ANNUAL,17,Annual aggregation,Quarterly sum,Milk production,170832,Million pounds
2004,ANNUAL,17,Annual aggregation,Quarterly average,Replacement cow price,1580,Dollars per head
2005,JAN-MAR,13,Quarter 1,Not applicable,16-percent protein feed value,4.56,Dollars per hundredweight
2005,JAN-MAR,13,Quarter 1,Not applicable,Milk cow,9001,"1,000 head"
2005,JAN-MAR,13,Quarter 1,Not applicable,Milk per cow,4813,Pounds
2005,JAN-MAR,13,Quarter 1,Not applicable,Milk production,43326,Million pounds
2005,JAN-MAR,13,Quarter 1,Not applicable,Replacement cow price,1620,Dollars per head
2005,APR-JUN,14,Quarter 2,Not applicable,16-percent protein feed value,4.88,Dollars per hundredweight
2005,APR-JUN,14,Quarter 2,Not applicable,Milk cow,9042,"1,000 head"
2005,APR-JUN,14,Quarter 2,Not applicable,Milk per cow,5068,Pounds
2005,APR-JUN,14,Quarter 2,Not applicable,Milk production,45825,Million pounds
2005,APR-JUN,14,Quarter 2,Not applicable,Replacement cow price,1770,Dollars per head
2005,JUL-SEP,15,Quarter 3,Not applicable,16-percent protein feed value,4.81,Dollars per hundredweight
2005,JUL-SEP,15,Quarter 3,Not applicable,Milk cow,9073,"1,000 head"
2005,JUL-SEP,15,Quarter 3,Not applicable,Milk per cow,4863,Pounds
2005,JUL-SEP,15,Quarter 3,Not applicable,Milk production,44121,Million pounds
2005,JUL-SEP,15,Quarter 3,Not applicable,Replacement cow price,1830,Dollars per head
2005,OCT-DEC,16,Quarter 4,Not applicable,16-percent protein feed value,4.47,Dollars per hundredweight
2005,OCT-DEC,16,Quarter 4,Not applicable,Milk cow,9085,"1,000 head"
2005,OCT-DEC,16,Quarter 4,Not applicable,Milk per cow,4806,Pounds
2005,OCT-DEC,16,Quarter 4,Not applicable,Milk production,43659,Million pounds
2005,OCT-DEC,16,Quarter 4,Not applicable,Replacement cow price,1870,Dollars per head
2005,ANNUAL,17,Annual aggregation,Quarterly average,16-percent protein feed value,4.68,Dollars per hundredweight
2005,ANNUAL,17,Annual aggregation,Quarterly average,Milk cow,9050,"1,000 head"
2005,ANNUAL,17,Annual aggregation,Quarterly sum,Milk per cow,19550,Pounds
2005,ANNUAL,17,Annual aggregation,Quarterly sum,Milk production,176931,Million pounds
2005,ANNUAL,17,Annual aggregation,Quarterly average,Replacement cow price,1770,Dollars per head
2006,JAN-MAR,13,Quarter 1,Not applicable,16-percent protein feed value,4.61,Dollars per hundredweight
2006,JAN-MAR,13,Quarter 1,Not applicable,Milk cow,9121,"1,000 head"
2006,JAN-MAR,13,Quarter 1,Not applicable,Milk per cow,4995,Pounds
2006,JAN-MAR,13,Quarter 1,Not applicable,Milk production,45563,Million pounds
2006,JAN-MAR,13,Quarter 1,Not applicable,Replacement cow price,1840,Dollars per head
2006,APR-JUN,14,Quarter 2,Not applicable,16-percent protein feed value,4.98,Dollars per hundredweight
2006,APR-JUN,14,Quarter 2,Not applicable,Milk cow,9156,"1,000 head"
2006,APR-JUN,14,Quarter 2,Not applicable,Milk per cow,5125,Pounds
2006,APR-JUN,14,Quarter 2,Not applicable,Milk production,46925,Million pounds
2006,APR-JUN,14,Quarter 2,Not applicable,Replacement cow price,1770,Dollars per head
2006,JUL-SEP,15,Quarter 3,Not applicable,16-percent protein feed value,4.93,Dollars per hundredweight
2006,JUL-SEP,15,Quarter 3,Not applicable,Milk cow,9137,"1,000 head"
2006,JUL-SEP,15,Quarter 3,Not applicable,Milk per cow,4889,Pounds
2006,JUL-SEP,15,Quarter 3,Not applicable,Milk production,44675,Million pounds
2006,JUL-SEP,15,Quarter 3,Not applicable,Replacement cow price,1680,Dollars per head
2006,OCT-DEC,16,Quarter 4,Not applicable,16-percent protein feed value,5.63,Dollars per hundredweight
2006,OCT-DEC,16,Quarter 4,Not applicable,Milk cow,9133,"1,000 head"
2006,OCT-DEC,16,Quarter 4,Not applicable,Milk per cow,4885,Pounds
2006,OCT-DEC,16,Quarter 4,Not applicable,Milk production,44619,Million pounds
2006,OCT-DEC,16,Quarter 4,Not applicable,Replacement cow price,1650,Dollars per head
2006,ANNUAL,17,Annual aggregation,Quarterly average,16-percent protein feed value,5.04,Dollars per hundredweight
2006,ANNUAL,17,Annual aggregation,Quarterly average,Milk cow,9137,"1,000 head"
2006,ANNUAL,17,Annual aggregation,Quarterly sum,Milk per cow,19895,Pounds
2006,ANNUAL,17,Annual aggregation,Quarterly sum,Milk production,181782,Million pounds
2006,ANNUAL,17,Annual aggregation,Quarterly average,Replacement cow price,1730,Dollars per head
2007,JAN-MAR,13,Quarter 1,Not applicable,16-percent protein feed value,6.29,Dollars per hundredweight
2007,JAN-MAR,13,Quarter 1,Not applicable,Milk cow,9152,"1,000 head"
2007,JAN-MAR,13,Quarter 1,Not applicable,Milk per cow,5033,Pounds
2007,JAN-MAR,13,Quarter 1,Not applicable,Milk production,46063,Million pounds
2007,JAN-MAR,13,Quarter 1,Not applicable,Replacement cow price,1660,Dollars per head
2007,APR-JUN,14,Quarter 2,Not applicable,16-percent protein feed value,6.89,Dollars per hundredweight
2007,APR-JUN,14,Quarter 2,Not applicable,Milk cow,9170,"1,000 head"
2007,APR-JUN,14,Quarter 2,Not applicable,Milk per cow,5173,Pounds
2007,APR-JUN,14,Quarter 2,Not applicable,Milk production,47438,Million pounds
2007,APR-JUN,14,Quarter 2,Not applicable,Replacement cow price,1730,Dollars per head
2007,JUL-SEP,15,Quarter 3,Not applicable,16-percent protein feed value,6.81,Dollars per hundredweight
2007,JUL-SEP,15,Quarter 3,Not applicable,Milk cow,9198,"1,000 head"
2007,JUL-SEP,15,Quarter 3,Not applicable,Milk per cow,5013,Pounds
2007,JUL-SEP,15,Quarter 3,Not applicable,Milk production,46111,Million pounds
2007,JUL-SEP,15,Quarter 3,Not applicable,Replacement cow price,1950,Dollars per head
2007,OCT-DEC,16,Quarter 4,Not applicable,16-percent protein feed value,7.2,Dollars per hundredweight
2007,OCT-DEC,16,Quarter 4,Not applicable,Milk cow,9236,"1,000 head"
2007,OCT-DEC,16,Quarter 4,Not applicable,Milk per cow,4985,Pounds
2007,OCT-DEC,16,Quarter 4,Not applicable,Milk production,46042,Million pounds
2007,OCT-DEC,16,Quarter 4,Not applicable,Replacement cow price,2020,Dollars per head
2007,ANNUAL,17,Annual aggregation,Quarterly average,16-percent protein feed value,6.8,Dollars per hundredweight
2007,ANNUAL,17,Annual aggregation,Quarterly average,Milk cow,9189,"1,000 head"
2007,ANNUAL,17,Annual aggregation,Quarterly sum,Milk per cow,20204,Pounds
2007,ANNUAL,17,Annual aggregation,Quarterly sum,Milk production,185654,Million pounds
2007,ANNUAL,17,Annual aggregation,Quarterly average,Replacement cow price,1830,Dollars per head
2008,JAN-MAR,13,Quarter 1,Not applicable,16-percent protein feed value,8.34,Dollars per hundredweight
2008,JAN-MAR,13,Quarter 1,Not applicable,Milk cow,9285,"1,000 head"
2008,JAN-MAR,13,Quarter 1,Not applicable,Milk per cow,5129,Pounds
2008,JAN-MAR,13,Quarter 1,Not applicable,Milk production,47622,Million pounds
2008,JAN-MAR,13,Quarter 1,Not applicable,Replacement cow price,1960,Dollars per head
2008,APR-JUN,14,Quarter 2,Not applicable,16-percent protein feed value,9.87,Dollars per hundredweight
2008,APR-JUN,14,Quarter 2,Not applicable,Milk cow,9311,"1,000 head"
2008,APR-JUN,14,Quarter 2,Not applicable,Milk per cow,5237,Pounds
2008,APR-JUN,14,Quarter 2,Not applicable,Milk production,48761,Million pounds
2008,APR-JUN,14,Quarter 2,Not applicable,Replacement cow price,1940,Dollars per head
2008,JUL-SEP,15,Quarter 3,Not applicable,16-percent protein feed value,9.99,Dollars per hundredweight
2008,JUL-SEP,15,Quarter 3,Not applicable,Milk cow,9327,"1,000 head"
2008,JUL-SEP,15,Quarter 3,Not applicable,Milk per cow,5024,Pounds
2008,JUL-SEP,15,Quarter 3,Not applicable,Milk production,46859,Million pounds
2008,JUL-SEP,15,Quarter 3,Not applicable,Replacement cow price,1980,Dollars per head
2008,OCT-DEC,16,Quarter 4,Not applicable,16-percent protein feed value,8.47,Dollars per hundredweight
2008,OCT-DEC,16,Quarter 4,Not applicable,Milk cow,9331,"1,000 head"
2008,OCT-DEC,16,Quarter 4,Not applicable,Milk per cow,5009,Pounds
2008,OCT-DEC,16,Quarter 4,Not applicable,Milk production,46736,Million pounds
2008,OCT-DEC,16,Quarter 4,Not applicable,Replacement cow price,1920,Dollars per head
2008,ANNUAL,17,Annual aggregation,Quarterly average,16-percent protein feed value,9.17,Dollars per hundredweight
2008,ANNUAL,17,Annual aggregation,Quarterly average,Milk cow,9314,"1,000 head"
2008,ANNUAL,17,Annual aggregation,Quarterly sum,Milk per cow,20397,Pounds
2008,ANNUAL,17,Annual aggregation,Quarterly sum,Milk production,189978,Million pounds
2008,ANNUAL,17,Annual aggregation,Quarterly average,Replacement cow price,1950,Dollars per head
2009,JAN-MAR,13,Quarter 1,Not applicable,16-percent protein feed value,7.86,Dollars per hundredweight
2009,JAN-MAR,13,Quarter 1,Not applicable,Milk cow,9295,"1,000 head"
2009,JAN-MAR,13,Quarter 1,Not applicable,Milk per cow,5092,Pounds
2009,JAN-MAR,13,Quarter 1,Not applicable,Milk production,47332,Million pounds
2009,JAN-MAR,13,Quarter 1,Not applicable,Replacement cow price,1630,Dollars per head
2009,APR-JUN,14,Quarter 2,Not applicable,16-percent protein feed value,7.65,Dollars per hundredweight
2009,APR-JUN,14,Quarter 2,Not applicable,Milk cow,9262,"1,000 head"
2009,APR-JUN,14,Quarter 2,Not applicable,Milk per cow,5274,Pounds
2009,APR-JUN,14,Quarter 2,Not applicable,Milk production,48850,Million pounds
2009,APR-JUN,14,Quarter 2,Not applicable,Replacement cow price,1390,Dollars per head
2009,JUL-SEP,15,Quarter 3,Not applicable,16-percent protein feed value,6.76,Dollars per hundredweight
2009,JUL-SEP,15,Quarter 3,Not applicable,Milk cow,9158,"1,000 head"
2009,JUL-SEP,15,Quarter 3,Not applicable,Milk per cow,5108,Pounds
2009,JUL-SEP,15,Quarter 3,Not applicable,Milk production,46782,Million pounds
2009,JUL-SEP,15,Quarter 3,Not applicable,Replacement cow price,1280,Dollars per head
2009,OCT-DEC,16,Quarter 4,Not applicable,16-percent protein feed value,6.81,Dollars per hundredweight
2009,OCT-DEC,16,Quarter 4,Not applicable,Milk cow,9092,"1,000 head"
2009,OCT-DEC,16,Quarter 4,Not applicable,Milk per cow,5086,Pounds
2009,OCT-DEC,16,Quarter 4,Not applicable,Milk production,46238,Million pounds
2009,OCT-DEC,16,Quarter 4,Not applicable,Replacement cow price,1240,Dollars per head
2009,ANNUAL,17,Annual aggregation,Quarterly average,16-percent protein feed value,7.27,Dollars per hundredweight
2009,ANNUAL,17,Annual aggregation,Quarterly average,Milk cow,9202,"1,000 head"
2009,ANNUAL,17,Annual aggregation,Quarterly sum,Milk per cow,20561,Pounds
2009,ANNUAL,17,Annual aggregation,Quarterly sum,Milk production,189202,Million pounds
2009,ANNUAL,17,Annual aggregation,Quarterly average,Replacement cow price,1390,Dollars per head
2010,JAN-MAR,13,Quarter 1,Not applicable,16-percent protein feed value,6.82,Dollars per hundredweight
2010,JAN-MAR,13,Quarter 1,Not applicable,Milk cow,9095,"1,000 head"
2010,JAN-MAR,13,Quarter 1,Not applicable,Milk per cow,5208,Pounds
2010,JAN-MAR,13,Quarter 1,Not applicable,Milk production,47370,Million pounds
2010,JAN-MAR,13,Quarter 1,Not applicable,Replacement cow price,1340,Dollars per head
2010,APR-JUN,14,Quarter 2,Not applicable,16-percent protein feed value,6.79,Dollars per hundredweight
2010,APR-JUN,14,Quarter 2,Not applicable,Milk cow,9121,"1,000 head"
2010,APR-JUN,14,Quarter 2,Not applicable,Milk per cow,5462,Pounds
2010,APR-JUN,14,Quarter 2,Not applicable,Milk production,49817,Million pounds
2010,APR-JUN,14,Quarter 2,Not applicable,Replacement cow price,1330,Dollars per head
2010,JUL-SEP,15,Quarter 3,Not applicable,16-percent protein feed value,7.16,Dollars per hundredweight
2010,JUL-SEP,15,Quarter 3,Not applicable,Milk cow,9135,"1,000 head"
2010,JUL-SEP,15,Quarter 3,Not applicable,Milk per cow,5266,Pounds
2010,JUL-SEP,15,Quarter 3,Not applicable,Milk production,48102,Million pounds
2010,JUL-SEP,15,Quarter 3,Not applicable,Replacement cow price,1320,Dollars per head
2010,OCT-DEC,16,Quarter 4,Not applicable,16-percent protein feed value,8.05,Dollars per hundredweight
2010,OCT-DEC,16,Quarter 4,Not applicable,Milk cow,9139,"1,000 head"
2010,OCT-DEC,16,Quarter 4,Not applicable,Milk per cow,5207,Pounds
2010,OCT-DEC,16,Quarter 4,Not applicable,Milk production,47588,Million pounds
2010,OCT-DEC,16,Quarter 4,Not applicable,Replacement cow price,1330,Dollars per head
2010,ANNUAL,17,Annual aggregation,Quarterly average,16-percent protein feed value,7.2,Dollars per hundredweight
2010,ANNUAL,17,Annual aggregation,Quarterly average,Milk cow,9122,"1,000 head"
2010,ANNUAL,17,Annual aggregation,Quarterly sum,Milk per cow,21142,Pounds
2010,ANNUAL,17,Annual aggregation,Quarterly sum,Milk production,192877,Million pounds
2010,ANNUAL,17,Annual aggregation,Quarterly average,Replacement cow price,1330,Dollars per head
2011,JAN-MAR,13,Quarter 1,Not applicable,16-percent protein feed value,9.21,Dollars per hundredweight
2011,JAN-MAR,13,Quarter 1,Not applicable,Milk cow,9173,"1,000 head"
2011,JAN-MAR,13,Quarter 1,Not applicable,Milk per cow,5283,Pounds
2011,JAN-MAR,13,Quarter 1,Not applicable,Milk production,48461,Million pounds
2011,JAN-MAR,13,Quarter 1,Not applicable,Replacement cow price,1300,Dollars per head
2011,APR-JUN,14,Quarter 2,Not applicable,16-percent protein feed value,11.21,Dollars per hundredweight
2011,APR-JUN,14,Quarter 2,Not applicable,Milk cow,9194,"1,000 head"
2011,APR-JUN,14,Quarter 2,Not applicable,Milk per cow,5487,Pounds
2011,APR-JUN,14,Quarter 2,Not applicable,Milk production,50450,Million pounds
2011,APR-JUN,14,Quarter 2,Not applicable,Replacement cow price,1420,Dollars per head
2011,JUL-SEP,15,Quarter 3,Not applicable,16-percent protein feed value,11.71,Dollars per hundredweight
2011,JUL-SEP,15,Quarter 3,Not applicable,Milk cow,9207,"1,000 head"
2011,JUL-SEP,15,Quarter 3,Not applicable,Milk per cow,5288,Pounds
2011,JUL-SEP,15,Quarter 3,Not applicable,Milk production,48683,Million pounds
2011,JUL-SEP,15,Quarter 3,Not applicable,Replacement cow price,1480,Dollars per head
2011,OCT-DEC,16,Quarter 4,Not applicable,16-percent protein feed value,10.89,Dollars per hundredweight
2011,OCT-DEC,16,Quarter 4,Not applicable,Milk cow,9223,"1,000 head"
2011,OCT-DEC,16,Quarter 4,Not applicable,Milk per cow,5276,Pounds
2011,OCT-DEC,16,Quarter 4,Not applicable,Milk production,48661,Million pounds
2011,OCT-DEC,16,Quarter 4,Not applicable,Replacement cow price,1480,Dollars per head
2011,ANNUAL,17,Annual aggregation,Quarterly average,16-percent protein feed value,10.76,Dollars per hundredweight
2011,ANNUAL,17,Annual aggregation,Quarterly average,Milk cow,9199,"1,000 head"
2011,ANNUAL,17,Annual aggregation,Quarterly sum,Milk per cow,21334,Pounds
2011,ANNUAL,17,Annual aggregation,Quarterly sum,Milk production,196255,Million pounds
2011,ANNUAL,17,Annual aggregation,Quarterly average,Replacement cow price,1420,Dollars per head
2012,JAN-MAR,13,Quarter 1,Not applicable,16-percent protein feed value,11.33,Dollars per hundredweight
2012,JAN-MAR,13,Quarter 1,Not applicable,Milk cow,9262,"1,000 head"
2012,JAN-MAR,13,Quarter 1,Not applicable,Milk per cow,5521,Pounds
2012,JAN-MAR,13,Quarter 1,Not applicable,Milk production,51136,Million pounds
2012,JAN-MAR,13,Quarter 1,Not applicable,Replacement cow price,1460,Dollars per head
2012,APR-JUN,14,Quarter 2,Not applicable,16-percent protein feed value,11.94,Dollars per hundredweight
2012,APR-JUN,14,Quarter 2,Not applicable,Milk cow,9262,"1,000 head"
2012,APR-JUN,14,Quarter 2,Not applicable,Milk per cow,5571,Pounds
2012,APR-JUN,14,Quarter 2,Not applicable,Milk production,51600,Million pounds
2012,APR-JUN,14,Quarter 2,Not applicable,Replacement cow price,1440,Dollars per head
2012,JUL-SEP,15,Quarter 3,Not applicable,16-percent protein feed value,12.79,Dollars per hundredweight
2012,JUL-SEP,15,Quarter 3,Not applicable,Milk cow,9217,"1,000 head"
2012,JUL-SEP,15,Quarter 3,Not applicable,Milk per cow,5290,Pounds
2012,JUL-SEP,15,Quarter 3,Not applicable,Milk production,48754,Million pounds
2012,JUL-SEP,15,Quarter 3,Not applicable,Replacement cow price,1420,Dollars per head
2012,OCT-DEC,16,Quarter 4,Not applicable,16-percent protein feed value,12.57,Dollars per hundredweight
2012,OCT-DEC,16,Quarter 4,Not applicable,Milk cow,9205,"1,000 head"
2012,OCT-DEC,16,Quarter 4,Not applicable,Milk per cow,5340,Pounds
2012,OCT-DEC,16,Quarter 4,Not applicable,Milk production,49152,Million pounds
2012,OCT-DEC,16,Quarter 4,Not applicable,Replacement cow price,1390,Dollars per head
2012,ANNUAL,17,Annual aggregation,Quarterly average,16-percent protein feed value,12.16,Dollars per hundredweight
2012,ANNUAL,17,Annual aggregation,Quarterly average,Milk cow,9236,"1,000 head"
2012,ANNUAL,17,Annual aggregation,Quarterly sum,Milk per cow,21722,Pounds
2012,ANNUAL,17,Annual aggregation,Quarterly sum,Milk production,200642,Million pounds
2012,ANNUAL,17,Annual aggregation,Quarterly average,Replacement cow price,1430,Dollars per head
2013,JAN-MAR,13,Quarter 1,Not applicable,16-percent protein feed value,12.81,Dollars per hundredweight
2013,JAN-MAR,13,Quarter 1,Not applicable,Milk cow,NA,"1,000 head"
2013,JAN-MAR,13,Quarter 1,Not applicable,Milk per cow,NA,Pounds
2013,JAN-MAR,13,Quarter 1,Not applicable,Milk production,50562,Million pounds
2013,JAN-MAR,13,Quarter 1,Not applicable,Replacement cow price,1370,Dollars per head
2013,APR-JUN,14,Quarter 2,Not applicable,16-percent protein feed value,12.76,Dollars per hundredweight
2013,APR-JUN,14,Quarter 2,Not applicable,Milk cow,NA,"1,000 head"
2013,APR-JUN,14,Quarter 2,Not applicable,Milk per cow,NA,Pounds
2013,APR-JUN,14,Quarter 2,Not applicable,Milk production,52037,Million pounds
2013,APR-JUN,14,Quarter 2,Not applicable,Replacement cow price,NA,Dollars per head
2013,JUL-SEP,15,Quarter 3,Not applicable,16-percent protein feed value,11.58,Dollars per hundredweight
2013,JUL-SEP,15,Quarter 3,Not applicable,Milk cow,9226,"1,000 head"
2013,JUL-SEP,15,Quarter 3,Not applicable,Milk per cow,5358,Pounds
2013,JUL-SEP,15,Quarter 3,Not applicable,Milk production,49429,Million pounds
2013,JUL-SEP,15,Quarter 3,Not applicable,Replacement cow price,NA,Dollars per head
2013,OCT-DEC,16,Quarter 4,Not applicable,16-percent protein feed value,9.64,Dollars per hundredweight
2013,OCT-DEC,16,Quarter 4,Not applicable,Milk cow,9204,"1,000 head"
2013,OCT-DEC,16,Quarter 4,Not applicable,Milk per cow,5349,Pounds
2013,OCT-DEC,16,Quarter 4,Not applicable,Milk production,49232,Million pounds
2013,OCT-DEC,16,Quarter 4,Not applicable,Replacement cow price,1410,Dollars per head
2013,ANNUAL,17,Annual aggregation,Quarterly average,16-percent protein feed value,11.7,Dollars per hundredweight
2013,ANNUAL,17,Annual aggregation,Quarterly average,Milk cow,9224,"1,000 head"
2013,ANNUAL,17,Annual aggregation,Quarterly sum,Milk per cow,21819,Pounds
2013,ANNUAL,17,Annual aggregation,Quarterly sum,Milk production,201260,Million pounds
2013,ANNUAL,17,Annual aggregation,Quarterly average,Replacement cow price,1380,Dollars per head
2014,JAN-MAR,13,Quarter 1,Not applicable,16-percent protein feed value,9.69,Dollars per hundredweight
2014,JAN-MAR,13,Quarter 1,Not applicable,Milk cow,9218,"1,000 head"
2014,JAN-MAR,13,Quarter 1,Not applicable,Milk per cow,5533,Pounds
2014,JAN-MAR,13,Quarter 1,Not applicable,Milk production,51005,Million pounds
2014,JAN-MAR,13,Quarter 1,Not applicable,Replacement cow price,1440,Dollars per head
2014,APR-JUN,14,Quarter 2,Not applicable,16-percent protein feed value,10.63,Dollars per hundredweight
2014,APR-JUN,14,Quarter 2,Not applicable,Milk cow,9255,"1,000 head"
2014,APR-JUN,14,Quarter 2,Not applicable,Milk per cow,5718,Pounds
2014,APR-JUN,14,Quarter 2,Not applicable,Milk production,52917,Million pounds
2014,APR-JUN,14,Quarter 2,Not applicable,Replacement cow price,1810,Dollars per head
2014,JUL-SEP,15,Quarter 3,Not applicable,16-percent protein feed value,9.26,Dollars per hundredweight
2014,JUL-SEP,15,Quarter 3,Not applicable,Milk cow,9275,"1,000 head"
2014,JUL-SEP,15,Quarter 3,Not applicable,Milk per cow,5517,Pounds
2014,JUL-SEP,15,Quarter 3,Not applicable,Milk production,51168,Million pounds
2014,JUL-SEP,15,Quarter 3,Not applicable,Replacement cow price,1970,Dollars per head
2014,OCT-DEC,16,Quarter 4,Not applicable,16-percent protein feed value,8.47,Dollars per hundredweight
2014,OCT-DEC,16,Quarter 4,Not applicable,Milk cow,9294,"1,000 head"
2014,OCT-DEC,16,Quarter 4,Not applicable,Milk per cow,5483,Pounds
2014,OCT-DEC,16,Quarter 4,Not applicable,Milk production,50958,Million pounds
2014,OCT-DEC,16,Quarter 4,Not applicable,Replacement cow price,2120,Dollars per head
2014,ANNUAL,17,Annual aggregation,Quarterly average,16-percent protein feed value,9.51,Dollars per hundredweight
2014,ANNUAL,17,Annual aggregation,Quarterly average,Milk cow,9261,"1,000 head"
2014,ANNUAL,17,Annual aggregation,Quarterly sum,Milk per cow,22249,Pounds
2014,ANNUAL,17,Annual aggregation,Quarterly sum,Milk production,206048,Million pounds
2014,ANNUAL,17,Annual aggregation,Quarterly average,Replacement cow price,1830,Dollars per head
2015,JAN-MAR,13,Quarter 1,Not applicable,16-percent protein feed value,8.26,Dollars per hundredweight
2015,JAN-MAR,13,Quarter 1,Not applicable,Milk cow,9316,"1,000 head"
2015,JAN-MAR,13,Quarter 1,Not applicable,Milk per cow,5574,Pounds
2015,JAN-MAR,13,Quarter 1,Not applicable,Milk production,51928,Million pounds
2015,JAN-MAR,13,Quarter 1,Not applicable,Replacement cow price,1990,Dollars per head
2015,APR-JUN,14,Quarter 2,Not applicable,16-percent protein feed value,8.31,Dollars per hundredweight
2015,APR-JUN,14,Quarter 2,Not applicable,Milk cow,9329,"1,000 head"
2015,APR-JUN,14,Quarter 2,Not applicable,Milk per cow,5760,Pounds
2015,APR-JUN,14,Quarter 2,Not applicable,Milk production,53739,Million pounds
2015,APR-JUN,14,Quarter 2,Not applicable,Replacement cow price,1970,Dollars per head
2015,JUL-SEP,15,Quarter 3,Not applicable,16-percent protein feed value,8.03,Dollars per hundredweight
2015,JUL-SEP,15,Quarter 3,Not applicable,Milk cow,9318,"1,000 head"
2015,JUL-SEP,15,Quarter 3,Not applicable,Milk per cow,5542,Pounds
2015,JUL-SEP,15,Quarter 3,Not applicable,Milk production,51645,Million pounds
2015,JUL-SEP,15,Quarter 3,Not applicable,Replacement cow price,2030,Dollars per head
2015,OCT-DEC,16,Quarter 4,Not applicable,16-percent protein feed value,7.56,Dollars per hundredweight
2015,OCT-DEC,16,Quarter 4,Not applicable,Milk cow,9316,"1,000 head"
2015,OCT-DEC,16,Quarter 4,Not applicable,Milk per cow,5495,Pounds
2015,OCT-DEC,16,Quarter 4,Not applicable,Milk production,51196,Million pounds
2015,OCT-DEC,16,Quarter 4,Not applicable,Replacement cow price,1980,Dollars per head
2015,ANNUAL,17,Annual aggregation,Quarterly average,16-percent protein feed value,8.04,Dollars per hundredweight
2015,ANNUAL,17,Annual aggregation,Quarterly average,Milk cow,9320,"1,000 head"
2015,ANNUAL,17,Annual aggregation,Quarterly sum,Milk per cow,22372,Pounds
2015,ANNUAL,17,Annual aggregation,Quarterly sum,Milk production,208508,Million pounds
2015,ANNUAL,17,Annual aggregation,Quarterly average,Replacement cow price,1990,Dollars per head
2016,JAN-MAR,13,Quarter 1,Not applicable,16-percent protein feed value,7.27,Dollars per hundredweight
2016,JAN-MAR,13,Quarter 1,Not applicable,Milk cow,9313,"1,000 head"
2016,JAN-MAR,13,Quarter 1,Not applicable,Milk per cow,5688,Pounds
2016,JAN-MAR,13,Quarter 1,Not applicable,Milk production,52975,Million pounds
2016,JAN-MAR,13,Quarter 1,Not applicable,Replacement cow price,1830,Dollars per head
2016,APR-JUN,14,Quarter 2,Not applicable,16-percent protein feed value,7.65,Dollars per hundredweight
2016,APR-JUN,14,Quarter 2,Not applicable,Milk cow,9326,"1,000 head"
2016,APR-JUN,14,Quarter 2,Not applicable,Milk per cow,5827,Pounds
2016,APR-JUN,14,Quarter 2,Not applicable,Milk production,54344,Million pounds
2016,APR-JUN,14,Quarter 2,Not applicable,Replacement cow price,1830,Dollars per head
2016,JUL-SEP,15,Quarter 3,Not applicable,16-percent protein feed value,7.17,Dollars per hundredweight
2016,JUL-SEP,15,Quarter 3,Not applicable,Milk cow,9336,"1,000 head"
2016,JUL-SEP,15,Quarter 3,Not applicable,Milk per cow,5632,Pounds
2016,JUL-SEP,15,Quarter 3,Not applicable,Milk production,52581,Million pounds
2016,JUL-SEP,15,Quarter 3,Not applicable,Replacement cow price,1730,Dollars per head
2016,OCT-DEC,16,Quarter 4,Not applicable,16-percent protein feed value,6.93,Dollars per hundredweight
2016,OCT-DEC,16,Quarter 4,Not applicable,Milk cow,9360,"1,000 head"
2016,OCT-DEC,16,Quarter 4,Not applicable,Milk per cow,5614,Pounds
2016,OCT-DEC,16,Quarter 4,Not applicable,Milk production,52551,Million pounds
2016,OCT-DEC,16,Quarter 4,Not applicable,Replacement cow price,1690,Dollars per head
2016,ANNUAL,17,Annual aggregation,Quarterly average,16-percent protein feed value,7.26,Dollars per hundredweight
2016,ANNUAL,17,Annual aggregation,Quarterly average,Milk cow,9334,"1,000 head"
2016,ANNUAL,17,Annual aggregation,Quarterly sum,Milk per cow,22761,Pounds
2016,ANNUAL,17,Annual aggregation,Quarterly sum,Milk production,212451,Million pounds
2016,ANNUAL,17,Annual aggregation,Quarterly average,Replacement cow price,1760,Dollars per head
2017,JAN-MAR,13,Quarter 1,Not applicable,16-percent protein feed value,7.08,Dollars per hundredweight
2017,JAN-MAR,13,Quarter 1,Not applicable,Milk cow,9381,"1,000 head"
2017,JAN-MAR,13,Quarter 1,Not applicable,Milk per cow,5713,Pounds
2017,JAN-MAR,13,Quarter 1,Not applicable,Milk production,53596,Million pounds
2017,JAN-MAR,13,Quarter 1,Not applicable,Replacement cow price,1620,Dollars per head
2017,APR-JUN,14,Quarter 2,Not applicable,16-percent protein feed value,7.51,Dollars per hundredweight
2017,APR-JUN,14,Quarter 2,Not applicable,Milk cow,9408,"1,000 head"
2017,APR-JUN,14,Quarter 2,Not applicable,Milk per cow,5887,Pounds
2017,APR-JUN,14,Quarter 2,Not applicable,Milk production,55388,Million pounds
2017,APR-JUN,14,Quarter 2,Not applicable,Replacement cow price,1640,Dollars per head
2017,JUL-SEP,15,Quarter 3,Not applicable,16-percent protein feed value,7.36,Dollars per hundredweight
2017,JUL-SEP,15,Quarter 3,Not applicable,Milk cow,9416,"1,000 head"
2017,JUL-SEP,15,Quarter 3,Not applicable,Milk per cow,5675,Pounds
2017,JUL-SEP,15,Quarter 3,Not applicable,Milk production,53438,Million pounds
2017,JUL-SEP,15,Quarter 3,Not applicable,Replacement cow price,1620,Dollars per head
2017,OCT-DEC,16,Quarter 4,Not applicable,16-percent protein feed value,7.24,Dollars per hundredweight
2017,OCT-DEC,16,Quarter 4,Not applicable,Milk cow,9419,"1,000 head"
2017,OCT-DEC,16,Quarter 4,Not applicable,Milk per cow,5638,Pounds
2017,OCT-DEC,16,Quarter 4,Not applicable,Milk production,53105,Million pounds
2017,OCT-DEC,16,Quarter 4,Not applicable,Replacement cow price,1610,Dollars per head
2017,ANNUAL,17,Annual aggregation,Quarterly average,16-percent protein feed value,7.3,Dollars per hundredweight
2017,ANNUAL,17,Annual aggregation,Quarterly average,Milk cow,9406,"1,000 head"
2017,ANNUAL,17,Annual aggregation,Quarterly sum,Milk per cow,22914,Pounds
2017,ANNUAL,17,Annual aggregation,Quarterly sum,Milk production,215527,Million pounds
2017,ANNUAL,17,Annual aggregation,Quarterly average,Replacement cow price,1620,Dollars per head
2018,JAN-MAR,13,Quarter 1,Not applicable,16-percent protein feed value,7.59,Dollars per hundredweight
2018,JAN-MAR,13,Quarter 1,Not applicable,Milk cow,9434,"1,000 head"
2018,JAN-MAR,13,Quarter 1,Not applicable,Milk per cow,5767,Pounds
2018,JAN-MAR,13,Quarter 1,Not applicable,Milk production,54408,Million pounds
2018,JAN-MAR,13,Quarter 1,Not applicable,Replacement cow price,1520,Dollars per head
2018,APR-JUN,14,Quarter 2,Not applicable,16-percent protein feed value,8.38,Dollars per hundredweight
2018,APR-JUN,14,Quarter 2,Not applicable,Milk cow,9416,"1,000 head"
2018,APR-JUN,14,Quarter 2,Not applicable,Milk per cow,5928,Pounds
2018,APR-JUN,14,Quarter 2,Not applicable,Milk production,55822,Million pounds
2018,APR-JUN,14,Quarter 2,Not applicable,Replacement cow price,1360,Dollars per head
2018,JUL-SEP,15,Quarter 3,Not applicable,16-percent protein feed value,7.94,Dollars per hundredweight
2018,JUL-SEP,15,Quarter 3,Not applicable,Milk cow,9384,"1,000 head"
2018,JUL-SEP,15,Quarter 3,Not applicable,Milk per cow,5752,Pounds
2018,JUL-SEP,15,Quarter 3,Not applicable,Milk production,53975,Million pounds
2018,JUL-SEP,15,Quarter 3,Not applicable,Replacement cow price,1320,Dollars per head
2018,OCT-DEC,16,Quarter 4,Not applicable,16-percent protein feed value,7.89,Dollars per hundredweight
2018,OCT-DEC,16,Quarter 4,Not applicable,Milk cow,9359,"1,000 head"
2018,OCT-DEC,16,Quarter 4,Not applicable,Milk per cow,5703,Pounds
2018,OCT-DEC,16,Quarter 4,Not applicable,Milk production,53379,Million pounds
2018,OCT-DEC,16,Quarter 4,Not applicable,Replacement cow price,1230,Dollars per head
2018,ANNUAL,17,Annual aggregation,Quarterly average,16-percent protein feed value,7.95,Dollars per hundredweight
2018,ANNUAL,17,Annual aggregation,Quarterly average,Milk cow,9398,"1,000 head"
2018,ANNUAL,17,Annual aggregation,Quarterly sum,Milk per cow,23152,Pounds
2018,ANNUAL,17,Annual aggregation,Quarterly sum,Milk production,217584,Million pounds
2018,ANNUAL,17,Annual aggregation,Quarterly average,Replacement cow price,1360,Dollars per head
2019,JAN-MAR,13,Quarter 1,Not applicable,16-percent protein feed value,8.13,Dollars per hundredweight
2019,JAN-MAR,13,Quarter 1,Not applicable,Milk cow,9341,"1,000 head"
2019,JAN-MAR,13,Quarter 1,Not applicable,Milk per cow,5826,Pounds
2019,JAN-MAR,13,Quarter 1,Not applicable,Milk production,54423,Million pounds
2019,JAN-MAR,13,Quarter 1,Not applicable,Replacement cow price,1140,Dollars per head
2019,APR-JUN,14,Quarter 2,Not applicable,16-percent protein feed value,8.51,Dollars per hundredweight
2019,APR-JUN,14,Quarter 2,Not applicable,Milk cow,9328,"1,000 head"
2019,APR-JUN,14,Quarter 2,Not applicable,Milk per cow,5974,Pounds
2019,APR-JUN,14,Quarter 2,Not applicable,Milk production,55722,Million pounds
2019,APR-JUN,14,Quarter 2,Not applicable,Replacement cow price,1140,Dollars per head
2019,JUL-SEP,15,Quarter 3,Not applicable,16-percent protein feed value,8.42,Dollars per hundredweight
2019,JUL-SEP,15,Quarter 3,Not applicable,Milk cow,9325,"1,000 head"
2019,JUL-SEP,15,Quarter 3,Not applicable,Milk per cow,5819,Pounds
2019,JUL-SEP,15,Quarter 3,Not applicable,Milk production,54261,Million pounds
2019,JUL-SEP,15,Quarter 3,Not applicable,Replacement cow price,1230,Dollars per head
2019,OCT-DEC,16,Quarter 4,Not applicable,16-percent protein feed value,8.1,Dollars per hundredweight
2019,OCT-DEC,16,Quarter 4,Not applicable,Milk cow,9347,"1,000 head"
2019,OCT-DEC,16,Quarter 4,Not applicable,Milk per cow,5781,Pounds
2019,OCT-DEC,16,Quarter 4,Not applicable,Milk production,54038,Million pounds
2019,OCT-DEC,16,Quarter 4,Not applicable,Replacement cow price,1310,Dollars per head
2019,ANNUAL,17,Annual aggregation,Quarterly average,16-percent protein feed value,8.29,Dollars per hundredweight
2019,ANNUAL,17,Annual aggregation,Quarterly average,Milk cow,9335,"1,000 head"
2019,ANNUAL,17,Annual aggregation,Quarterly sum,Milk per cow,23401,Pounds
2019,ANNUAL,17,Annual aggregation,Quarterly sum,Milk production,218444,Million pounds
2019,ANNUAL,17,Annual aggregation,Quarterly average,Replacement cow price,1200,Dollars per head
2020,JAN-MAR,13,Quarter 1,Not applicable,16-percent protein feed value,8.04,Dollars per hundredweight
2020,JAN-MAR,13,Quarter 1,Not applicable,Milk cow,9383,"1,000 head"
2020,JAN-MAR,13,Quarter 1,Not applicable,Milk per cow,5986,Pounds
2020,JAN-MAR,13,Quarter 1,Not applicable,Milk production,56170,Million pounds
2020,JAN-MAR,13,Quarter 1,Not applicable,Replacement cow price,1300,Dollars per head
2020,APR-JUN,14,Quarter 2,Not applicable,16-percent protein feed value,7.71,Dollars per hundredweight
2020,APR-JUN,14,Quarter 2,Not applicable,Milk cow,9369,"1,000 head"
2020,APR-JUN,14,Quarter 2,Not applicable,Milk per cow,5982,Pounds
2020,APR-JUN,14,Quarter 2,Not applicable,Milk production,56042,Million pounds
2020,APR-JUN,14,Quarter 2,Not applicable,Replacement cow price,1250,Dollars per head
2020,JUL-SEP,15,Quarter 3,Not applicable,16-percent protein feed value,7.62,Dollars per hundredweight
2020,JUL-SEP,15,Quarter 3,Not applicable,Milk cow,9390,"1,000 head"
2020,JUL-SEP,15,Quarter 3,Not applicable,Milk per cow,5900,Pounds
2020,JUL-SEP,15,Quarter 3,Not applicable,Milk production,55399,Million pounds
2020,JUL-SEP,15,Quarter 3,Not applicable,Replacement cow price,1310,Dollars per head
2020,OCT-DEC,16,Quarter 4,Not applicable,16-percent protein feed value,8.22,Dollars per hundredweight
2020,OCT-DEC,16,Quarter 4,Not applicable,Milk cow,9442,"1,000 head"
2020,OCT-DEC,16,Quarter 4,Not applicable,Milk per cow,5896,Pounds
2020,OCT-DEC,16,Quarter 4,Not applicable,Milk production,55671,Million pounds
2020,OCT-DEC,16,Quarter 4,Not applicable,Replacement cow price,1340,Dollars per head
2020,ANNUAL,17,Annual aggregation,Quarterly average,16-percent protein feed value,7.9,Dollars per hundredweight
2020,ANNUAL,17,Annual aggregation,Quarterly average,Milk cow,9396,"1,000 head"
2020,ANNUAL,17,Annual aggregation,Quarterly sum,Milk per cow,23764,Pounds
2020,ANNUAL,17,Annual aggregation,Quarterly sum,Milk production,223282,Million pounds
2020,ANNUAL,17,Annual aggregation,Quarterly average,Replacement cow price,1300,Dollars per head
2021,JAN-MAR,13,Quarter 1,Not applicable,16-percent protein feed value,9.38,Dollars per hundredweight
2021,JAN-MAR,13,Quarter 1,Not applicable,Milk cow,9468,"1,000 head"
2021,JAN-MAR,13,Quarter 1,Not applicable,Milk per cow,6005,Pounds
2021,JAN-MAR,13,Quarter 1,Not applicable,Milk production,56854,Million pounds
2021,JAN-MAR,13,Quarter 1,Not applicable,Replacement cow price,1360,Dollars per head
2021,APR-JUN,14,Quarter 2,Not applicable,16-percent protein feed value,11.24,Dollars per hundredweight
2021,APR-JUN,14,Quarter 2,Not applicable,Milk cow,9504,"1,000 head"
2021,APR-JUN,14,Quarter 2,Not applicable,Milk per cow,6117,Pounds
2021,APR-JUN,14,Quarter 2,Not applicable,Milk production,58136,Million pounds
2021,APR-JUN,14,Quarter 2,Not applicable,Replacement cow price,1370,Dollars per head
2021,JUL-SEP,15,Quarter 3,Not applicable,16-percent protein feed value,11.52,Dollars per hundredweight
2021,JUL-SEP,15,Quarter 3,Not applicable,Milk cow,9439,"1,000 head"
2021,JUL-SEP,15,Quarter 3,Not applicable,Milk per cow,5915,Pounds
2021,JUL-SEP,15,Quarter 3,Not applicable,Milk production,55833,Million pounds
2021,JUL-SEP,15,Quarter 3,Not applicable,Replacement cow price,1380,Dollars per head
2021,OCT-DEC,16,Quarter 4,Not applicable,16-percent protein feed value,10.84,Dollars per hundredweight
2021,OCT-DEC,16,Quarter 4,Not applicable,Milk cow,9386,"1,000 head"
2021,OCT-DEC,16,Quarter 4,Not applicable,Milk per cow,5904,Pounds
2021,OCT-DEC,16,Quarter 4,Not applicable,Milk production,55415,Million pounds
2021,OCT-DEC,16,Quarter 4,Not applicable,Replacement cow price,1340,Dollars per head
2021,ANNUAL,17,Annual aggregation,Quarterly average,16-percent protein feed value,10.74,Dollars per hundredweight
2021,ANNUAL,17,Annual aggregation,Quarterly average,Milk cow,9449,"1,000 head"
2021,ANNUAL,17,Annual aggregation,Quarterly sum,Milk per cow,23943,Pounds
2021,ANNUAL,17,Annual aggregation,Quarterly sum,Milk production,226238,Million pounds
2021,ANNUAL,17,Annual aggregation,Quarterly average,Replacement cow price,1360,Dollars per head
2022,JAN-MAR,13,Quarter 1,Not applicable,16-percent protein feed value,11.98,Dollars per hundredweight
2022,JAN-MAR,13,Quarter 1,Not applicable,Milk cow,9380,"1,000 head"
2022,JAN-MAR,13,Quarter 1,Not applicable,Milk per cow,6001,Pounds
2022,JAN-MAR,13,Quarter 1,Not applicable,Milk production,56289,Million pounds
2022,JAN-MAR,13,Quarter 1,Not applicable,Replacement cow price,1380,Dollars per head
2022,APR-JUN,14,Quarter 2,Not applicable,16-percent protein feed value,14.12,Dollars per hundredweight
2022,APR-JUN,14,Quarter 2,Not applicable,Milk cow,9407,"1,000 head"
2022,APR-JUN,14,Quarter 2,Not applicable,Milk per cow,6146,Pounds
2022,APR-JUN,14,Quarter 2,Not applicable,Milk production,57811,Million pounds
2022,APR-JUN,14,Quarter 2,Not applicable,Replacement cow price,1570,Dollars per head
2022,JUL-SEP,15,Quarter 3,Not applicable,16-percent protein feed value,14.25,Dollars per hundredweight
2022,JUL-SEP,15,Quarter 3,Not applicable,Milk cow,9407,"1,000 head"
2022,JUL-SEP,15,Quarter 3,Not applicable,Milk per cow,5997,Pounds
2022,JUL-SEP,15,Quarter 3,Not applicable,Milk production,56418,Million pounds
2022,JUL-SEP,15,Quarter 3,Not applicable,Replacement cow price,1710,Dollars per head
2022,OCT-DEC,16,Quarter 4,Not applicable,16-percent protein feed value,13.38,Dollars per hundredweight
2022,OCT-DEC,16,Quarter 4,Not applicable,Milk cow,9405,"1,000 head"
2022,OCT-DEC,16,Quarter 4,Not applicable,Milk per cow,5943,Pounds
2022,OCT-DEC,16,Quarter 4,Not applicable,Milk production,55898,Million pounds
2022,OCT-DEC,16,Quarter 4,Not applicable,Replacement cow price,1730,Dollars per head
2022,ANNUAL,17,Annual aggregation,Quarterly average,16-percent protein feed value,13.43,Dollars per hundredweight
2022,ANNUAL,17,Annual aggregation,Quarterly average,Milk cow,9400,"1,000 head"
2022,ANNUAL,17,Annual aggregation,Quarterly sum,Milk per cow,24087,Pounds
2022,ANNUAL,17,Annual aggregation,Quarterly sum,Milk production,226416,Million pounds
2022,ANNUAL,17,Annual aggregation,Quarterly average,Replacement cow price,1590,Dollars per head
2023,JAN-MAR,13,Quarter 1,Not applicable,16-percent protein feed value,13.5,Dollars per hundredweight
2023,JAN-MAR,13,Quarter 1,Not applicable,Milk cow,9419,"1,000 head"
2023,JAN-MAR,13,Quarter 1,Not applicable,Milk per cow,6036,Pounds
2023,JAN-MAR,13,Quarter 1,Not applicable,Milk production,56856,Million pounds
2023,JAN-MAR,13,Quarter 1,Not applicable,Replacement cow price,1720,Dollars per head
2023,APR-JUN,14,Quarter 2,Not applicable,16-percent protein feed value,13.59,Dollars per hundredweight
2023,APR-JUN,14,Quarter 2,Not applicable,Milk cow,9406,"1,000 head"
2023,APR-JUN,14,Quarter 2,Not applicable,Milk per cow,6168,Pounds
2023,APR-JUN,14,Quarter 2,Not applicable,Milk production,58012,Million pounds
2023,APR-JUN,14,Quarter 2,Not applicable,Replacement cow price,1720,Dollars per head
2023,JUL-SEP,15,Quarter 3,Not applicable,16-percent protein feed value,11.87,Dollars per hundredweight
2023,JUL-SEP,15,Quarter 3,Not applicable,Milk cow,9365,"1,000 head"
2023,JUL-SEP,15,Quarter 3,Not applicable,Milk per cow,5976,Pounds
2023,JUL-SEP,15,Quarter 3,Not applicable,Milk production,55965,Million pounds
2023,JUL-SEP,15,Quarter 3,Not applicable,Replacement cow price,1760,Dollars per head
2023,OCT-DEC,16,Quarter 4,Not applicable,16-percent protein feed value,10.43,Dollars per hundredweight
2023,OCT-DEC,16,Quarter 4,Not applicable,Milk cow,9344,"1,000 head"
2023,OCT-DEC,16,Quarter 4,Not applicable,Milk per cow,5937,Pounds
2023,OCT-DEC,16,Quarter 4,Not applicable,Milk production,55478,Million pounds
2023,OCT-DEC,16,Quarter 4,Not applicable,Replacement cow price,1850,Dollars per head
2023,ANNUAL,17,Annual aggregation,Quarterly average,16-percent protein feed value,12.35,Dollars per hundredweight
2023,ANNUAL,17,Annual aggregation,Quarterly average,Milk cow,9384,"1,000 head"
2023,ANNUAL,17,Annual aggregation,Quarterly sum,Milk per cow,24117,Pounds
2023,ANNUAL,17,Annual aggregation,Quarterly sum,Milk production,226311,Million pounds
2023,ANNUAL,17,Annual aggregation,Quarterly average,Replacement cow price,1760,Dollars per head
2024,JAN-MAR,13,Quarter 1,Not applicable,16-percent protein feed value,9.8,Dollars per hundredweight
2024,JAN-MAR,13,Quarter 1,Not applicable,Milk cow,9338,"1,000 head"
2024,JAN-MAR,13,Quarter 1,Not applicable,Milk per cow,6098,Pounds
2024,JAN-MAR,13,Quarter 1,Not applicable,Milk production,56943,Million pounds
2024,JAN-MAR,13,Quarter 1,Not applicable,Replacement cow price,1890,Dollars per head
2024,APR-JUN,14,Quarter 2,Not applicable,16-percent protein feed value,9.68,Dollars per hundredweight
2024,APR-JUN,14,Quarter 2,Not applicable,Milk cow,9330,"1,000 head"
2024,APR-JUN,14,Quarter 2,Not applicable,Milk per cow,6145,Pounds
2024,APR-JUN,14,Quarter 2,Not applicable,Milk production,57333,Million pounds
2024,APR-JUN,14,Quarter 2,Not applicable,Replacement cow price,2120,Dollars per head
2024,JUL-SEP,15,Quarter 3,Not applicable,16-percent protein feed value,8.68,Dollars per hundredweight
2024,JUL-SEP,15,Quarter 3,Not applicable,Milk cow,9341,"1,000 head"
2024,JUL-SEP,15,Quarter 3,Not applicable,Milk per cow,6004,Pounds
2024,JUL-SEP,15,Quarter 3,Not applicable,Milk production,56085,Million pounds
2024,JUL-SEP,15,Quarter 3,Not applicable,Replacement cow price,2360,Dollars per head
2024,OCT-DEC,16,Quarter 4,Not applicable,16-percent protein feed value,8.45,Dollars per hundredweight
2024,OCT-DEC,16,Quarter 4,Not applicable,Milk cow,9360,"1,000 head"
2024,OCT-DEC,16,Quarter 4,Not applicable,Milk per cow,5930,Pounds
2024,OCT-DEC,16,Quarter 4,Not applicable,Milk production,55507,Million pounds
2024,OCT-DEC,16,Quarter 4,Not applicable,Replacement cow price,2600,Dollars per head
2024,ANNUAL,17,Annual aggregation,Quarterly average,16-percent protein feed value,9.15,Dollars per hundredweight
2024,ANNUAL,17,Annual aggregation,Quarterly average,Milk cow,9342,"1,000 head"
2024,ANNUAL,17,Annual aggregation,Quarterly sum,Milk per cow,24178,Pounds
2024,ANNUAL,17,Annual aggregation,Quarterly sum,Milk production,225868,Million pounds
2024,ANNUAL,17,Annual aggregation,Quarterly average,Replacement cow price,2240,Dollars per head
2025,JAN-MAR,13,Quarter 1,Not applicable,16-percent protein feed value,8.77,Dollars per hundredweight
2025,JAN-MAR,13,Quarter 1,Not applicable,Milk cow,9401,"1,000 head"
2025,JAN-MAR,13,Quarter 1,Not applicable,Milk per cow,6039,Pounds
2025,JAN-MAR,13,Quarter 1,Not applicable,Milk production,56773,Million pounds
2025,JAN-MAR,13,Quarter 1,Not applicable,Replacement cow price,2660,Dollars per head
2025,APR-JUN,14,Quarter 2,Not applicable,16-percent protein feed value,9.29,Dollars per hundredweight
2025,APR-JUN,14,Quarter 2,Not applicable,Milk cow,9458,"1,000 head"
2025,APR-JUN,14,Quarter 2,Not applicable,Milk per cow,6206,Pounds
2025,APR-JUN,14,Quarter 2,Not applicable,Milk production,58697,Million pounds
2025,APR-JUN,14,Quarter 2,Not applicable,Replacement cow price,2870,Dollars per head
2025,JUL-SEP,15,Quarter 3,Not applicable,16-percent protein feed value,8.54,Dollars per hundredweight
2025,JUL-SEP,15,Quarter 3,Not applicable,Milk cow,9539,"1,000 head"
2025,JUL-SEP,15,Quarter 3,Not applicable,Milk per cow,6100,Pounds
2025,JUL-SEP,15,Quarter 3,Not applicable,Milk production,58192,Million pounds
2025,JUL-SEP,15,Quarter 3,Not applicable,Replacement cow price,3010,Dollars per head
2025,OCT-DEC,16,Quarter 4,Not applicable,16-percent protein feed value,8.34,Dollars per hundredweight
2025,OCT-DEC,16,Quarter 4,Not applicable,Milk cow,9562,"1,000 head"
2025,OCT-DEC,16,Quarter 4,Not applicable,Milk per cow,6047,Pounds
2025,OCT-DEC,16,Quarter 4,Not applicable,Milk production,57820,Million pounds
2025,OCT-DEC,16,Quarter 4,Not applicable,Replacement cow price,3110,Dollars per head
2025,ANNUAL,17,Annual aggregation,Quarterly average,16-percent protein feed value,8.73,Dollars per hundredweight
2025,ANNUAL,17,Annual aggregation,Quarterly average,Milk cow,9490,"1,000 head"
2025,ANNUAL,17,Annual aggregation,Quarterly sum,Milk per cow,24392,Pounds
2025,ANNUAL,17,Annual aggregation,Quarterly sum,Milk production,231482,Million pounds
2025,ANNUAL,17,Annual aggregation,Quarterly average,Replacement cow price,2910,Dollars per head
