data_item,value,period,category,unit
"milk_production_costs_and_returns_per_hundredweight_(cwt)_sold,_by_state,_2005_1/",,annual,cop_state,
"milk_production_costs_and_returns_per_hundredweight_(cwt)_sold,_by_state,_2005_1/",,annual,cop_state,
"milk_production_costs_and_returns_per_hundredweight_(cwt)_sold,_by_state,_2005_1/",Item,annual,cop_state,
"milk_production_costs_and_returns_per_hundredweight_(cwt)_sold,_by_state,_2005_1/",,annual,cop_state,
"milk_production_costs_and_returns_per_hundredweight_(cwt)_sold,_by_state,_2005_1/",,annual,cop_state,
"milk_production_costs_and_returns_per_hundredweight_(cwt)_sold,_by_state,_2005_1/",Gross value of production:,annual,cop_state,
"milk_production_costs_and_returns_per_hundredweight_(cwt)_sold,_by_state,_2005_1/",   Milk sold,annual,cop_state,
"milk_production_costs_and_returns_per_hundredweight_(cwt)_sold,_by_state,_2005_1/",   Cattle,annual,cop_state,
"milk_production_costs_and_returns_per_hundredweight_(cwt)_sold,_by_state,_2005_1/",   Other income 2/,annual,cop_state,
"milk_production_costs_and_returns_per_hundredweight_(cwt)_sold,_by_state,_2005_1/","       Total, gross value of production",annual,cop_state,
"milk_production_costs_and_returns_per_hundredweight_(cwt)_sold,_by_state,_2005_1/",,annual,cop_state,
"milk_production_costs_and_returns_per_hundredweight_(cwt)_sold,_by_state,_2005_1/",Operating costs:,annual,cop_state,
"milk_production_costs_and_returns_per_hundredweight_(cwt)_sold,_by_state,_2005_1/",   Feed--,annual,cop_state,
"milk_production_costs_and_returns_per_hundredweight_(cwt)_sold,_by_state,_2005_1/",      Purchased feed,annual,cop_state,
"milk_production_costs_and_returns_per_hundredweight_(cwt)_sold,_by_state,_2005_1/",      Homegrown harvested feed,annual,cop_state,
"milk_production_costs_and_returns_per_hundredweight_(cwt)_sold,_by_state,_2005_1/",      Grazed feed,annual,cop_state,
"milk_production_costs_and_returns_per_hundredweight_(cwt)_sold,_by_state,_2005_1/","         Total, feed costs",annual,cop_state,
"milk_production_costs_and_returns_per_hundredweight_(cwt)_sold,_by_state,_2005_1/",  Other--,annual,cop_state,
"milk_production_costs_and_returns_per_hundredweight_(cwt)_sold,_by_state,_2005_1/",     Veterinary and medicine,annual,cop_state,
"milk_production_costs_and_returns_per_hundredweight_(cwt)_sold,_by_state,_2005_1/",     Bedding and litter,annual,cop_state,
"milk_production_costs_and_returns_per_hundredweight_(cwt)_sold,_by_state,_2005_1/",     Marketing,annual,cop_state,
"milk_production_costs_and_returns_per_hundredweight_(cwt)_sold,_by_state,_2005_1/",     Custom services,annual,cop_state,
"milk_production_costs_and_returns_per_hundredweight_(cwt)_sold,_by_state,_2005_1/","     Fuel, lube, and electricity",annual,cop_state,
"milk_production_costs_and_returns_per_hundredweight_(cwt)_sold,_by_state,_2005_1/",     Repairs,annual,cop_state,
"milk_production_costs_and_returns_per_hundredweight_(cwt)_sold,_by_state,_2005_1/",     Other operating costs 3/,annual,cop_state,
"milk_production_costs_and_returns_per_hundredweight_(cwt)_sold,_by_state,_2005_1/",     Interest on operating capital,annual,cop_state,
"milk_production_costs_and_returns_per_hundredweight_(cwt)_sold,_by_state,_2005_1/","         Total, operating cost",annual,cop_state,
"milk_production_costs_and_returns_per_hundredweight_(cwt)_sold,_by_state,_2005_1/",,annual,cop_state,
"milk_production_costs_and_returns_per_hundredweight_(cwt)_sold,_by_state,_2005_1/",Allocated overhead:,annual,cop_state,
"milk_production_costs_and_returns_per_hundredweight_(cwt)_sold,_by_state,_2005_1/",   Hired labor,annual,cop_state,
"milk_production_costs_and_returns_per_hundredweight_(cwt)_sold,_by_state,_2005_1/",   Opportunity cost of unpaid labor,annual,cop_state,
"milk_production_costs_and_returns_per_hundredweight_(cwt)_sold,_by_state,_2005_1/",   Capital recovery of machinery and equipment 4/,annual,cop_state,
"milk_production_costs_and_returns_per_hundredweight_(cwt)_sold,_by_state,_2005_1/",   Opportunity cost of land (rental rate),annual,cop_state,
"milk_production_costs_and_returns_per_hundredweight_(cwt)_sold,_by_state,_2005_1/",   Taxes and insurance,annual,cop_state,
"milk_production_costs_and_returns_per_hundredweight_(cwt)_sold,_by_state,_2005_1/",   General farm overhead,annual,cop_state,
"milk_production_costs_and_returns_per_hundredweight_(cwt)_sold,_by_state,_2005_1/","         Total, allocated overhead",annual,cop_state,
"milk_production_costs_and_returns_per_hundredweight_(cwt)_sold,_by_state,_2005_1/",,annual,cop_state,
"milk_production_costs_and_returns_per_hundredweight_(cwt)_sold,_by_state,_2005_1/",Total costs listed,annual,cop_state,
"milk_production_costs_and_returns_per_hundredweight_(cwt)_sold,_by_state,_2005_1/",,annual,cop_state,
"milk_production_costs_and_returns_per_hundredweight_(cwt)_sold,_by_state,_2005_1/",Value of production less total costs listed,annual,cop_state,
"milk_production_costs_and_returns_per_hundredweight_(cwt)_sold,_by_state,_2005_1/",Value of production less operating costs,annual,cop_state,
"milk_production_costs_and_returns_per_hundredweight_(cwt)_sold,_by_state,_2005_1/",,annual,cop_state,
"milk_production_costs_and_returns_per_hundredweight_(cwt)_sold,_by_state,_2005_1/",Supporting information:   ,annual,cop_state,
"milk_production_costs_and_returns_per_hundredweight_(cwt)_sold,_by_state,_2005_1/",    Milk cows (head per farm) ,annual,cop_state,
"milk_production_costs_and_returns_per_hundredweight_(cwt)_sold,_by_state,_2005_1/",    Output per cow (pounds),annual,cop_state,
"milk_production_costs_and_returns_per_hundredweight_(cwt)_sold,_by_state,_2005_1/",    Milking frequency more than twice per day (percent of farms) ,annual,cop_state,
"milk_production_costs_and_returns_per_hundredweight_(cwt)_sold,_by_state,_2005_1/",    Milk cows injected with bST (head per farm),annual,cop_state,
"milk_production_costs_and_returns_per_hundredweight_(cwt)_sold,_by_state,_2005_1/",    Organic milk sold (percent of sales),annual,cop_state,
"milk_production_costs_and_returns_per_hundredweight_(cwt)_sold,_by_state,_2005_1/",,annual,cop_state,
"milk_production_costs_and_returns_per_hundredweight_(cwt)_sold,_by_state,_2005_1/",,annual,cop_state,
"milk_production_costs_and_returns_per_hundredweight_(cwt)_sold,_by_state,_2005_1/",1/ Developed from the 2005 Agricultural Resource Management Survey of dairy operations.  The sample of dairies included farms in the States shown plus Arizona.,annual,cop_state,
"milk_production_costs_and_returns_per_hundredweight_(cwt)_sold,_by_state,_2005_1/",2/ Income from renting or leasing dairy stock to other operations; renting space to other dairy operations; co-op patronage dividends,annual,cop_state,
"milk_production_costs_and_returns_per_hundredweight_(cwt)_sold,_by_state,_2005_1/","associated with the dairy; assessment rebates, refunds, and other dairy-related resources; and the fertilizer value of manure production.",annual,cop_state,
"milk_production_costs_and_returns_per_hundredweight_(cwt)_sold,_by_state,_2005_1/",3/ Costs for third party organic certification,annual,cop_state,
"milk_production_costs_and_returns_per_hundredweight_(cwt)_sold,_by_state,_2005_1/","4/ Machinery and equipment, housing, manure handling, feed storage structures, and the dairy breeding herd.",annual,cop_state,
"milk_production_costs_and_returns_per_hundredweight_(cwt)_sold,_by_state,_2005_1/","Notes: Coefficients of variation (CVs) were checked for the category totals: gross value of production, and feed, operating, allocated overhead, and total costs.  ",annual,cop_state,
"milk_production_costs_and_returns_per_hundredweight_(cwt)_sold,_by_state,_2005_1/",  All CVs were less than 25 percent except for those on feed and allocated overhead costs in Georgia.,annual,cop_state,
"milk_production_costs_and_returns_per_hundredweight_(cwt)_sold,_by_state,_2005_1/",  All CVs were less than 50 percent.  ,annual,cop_state,
unnamed:_1,,annual,cop_state,
unnamed:_1,,annual,cop_state,
unnamed:_1,California,annual,cop_state,
unnamed:_1,,annual,cop_state,
unnamed:_1,,annual,cop_state,
unnamed:_1,,annual,cop_state,
unnamed:_1,13.99,annual,cop_state,
unnamed:_1,1.15,annual,cop_state,
unnamed:_1,0.5,annual,cop_state,
unnamed:_1,15.64,annual,cop_state,
unnamed:_1,,annual,cop_state,
unnamed:_1,,annual,cop_state,
unnamed:_1,,annual,cop_state,
unnamed:_1,6.61,annual,cop_state,
unnamed:_1,1.51,annual,cop_state,
unnamed:_1,0.05,annual,cop_state,
unnamed:_1,8.170000000000002,annual,cop_state,
unnamed:_1,,annual,cop_state,
unnamed:_1,0.54,annual,cop_state,
unnamed:_1,0.04,annual,cop_state,
unnamed:_1,0.28,annual,cop_state,
unnamed:_1,0.31,annual,cop_state,
unnamed:_1,0.41,annual,cop_state,
unnamed:_1,0.33,annual,cop_state,
unnamed:_1,0,annual,cop_state,
unnamed:_1,0.17,annual,cop_state,
unnamed:_1,10.25,annual,cop_state,
unnamed:_1,,annual,cop_state,
unnamed:_1,,annual,cop_state,
unnamed:_1,1.41,annual,cop_state,
unnamed:_1,0.39,annual,cop_state,
unnamed:_1,1.74,annual,cop_state,
unnamed:_1,0,annual,cop_state,
unnamed:_1,0.14,annual,cop_state,
unnamed:_1,0.23,annual,cop_state,
unnamed:_1,3.91,annual,cop_state,
unnamed:_1,,annual,cop_state,
unnamed:_1,14.16,annual,cop_state,
unnamed:_1,,annual,cop_state,
unnamed:_1,1.4800000000000004,annual,cop_state,
unnamed:_1,5.390000000000001,annual,cop_state,
unnamed:_1,,annual,cop_state,
unnamed:_1,,annual,cop_state,
unnamed:_1,980,annual,cop_state,
unnamed:_1,19973,annual,cop_state,
unnamed:_1,9.75,annual,cop_state,
unnamed:_1,94,annual,cop_state,
unnamed:_1,0.32,annual,cop_state,
unnamed:_1,,annual,cop_state,
unnamed:_1,,annual,cop_state,
unnamed:_1,,annual,cop_state,
unnamed:_1,,annual,cop_state,
unnamed:_1,,annual,cop_state,
unnamed:_1,,annual,cop_state,
unnamed:_1,,annual,cop_state,
unnamed:_1,,annual,cop_state,
unnamed:_1,,annual,cop_state,
unnamed:_1,,annual,cop_state,
unnamed:_2,,annual,cop_state,
unnamed:_2,,annual,cop_state,
unnamed:_2,Florida,annual,cop_state,
unnamed:_2,,annual,cop_state,
unnamed:_2,,annual,cop_state,
unnamed:_2,,annual,cop_state,
unnamed:_2,18,annual,cop_state,
unnamed:_2,1.08,annual,cop_state,
unnamed:_2,0.56,annual,cop_state,
unnamed:_2,19.639999999999997,annual,cop_state,
unnamed:_2,,annual,cop_state,
unnamed:_2,,annual,cop_state,
unnamed:_2,,annual,cop_state,
unnamed:_2,7.22,annual,cop_state,
unnamed:_2,1.72,annual,cop_state,
unnamed:_2,0.12,annual,cop_state,
unnamed:_2,9.059999999999999,annual,cop_state,
unnamed:_2,,annual,cop_state,
unnamed:_2,0.79,annual,cop_state,
unnamed:_2,0.03,annual,cop_state,
unnamed:_2,0.18,annual,cop_state,
unnamed:_2,0.72,annual,cop_state,
unnamed:_2,0.7,annual,cop_state,
unnamed:_2,0.73,annual,cop_state,
unnamed:_2,0,annual,cop_state,
unnamed:_2,0.21,annual,cop_state,
unnamed:_2,12.419999999999998,annual,cop_state,
unnamed:_2,,annual,cop_state,
unnamed:_2,,annual,cop_state,
unnamed:_2,3.05,annual,cop_state,
unnamed:_2,0.42,annual,cop_state,
unnamed:_2,2.21,annual,cop_state,
unnamed:_2,0.02,annual,cop_state,
unnamed:_2,0.24,annual,cop_state,
unnamed:_2,0.48,annual,cop_state,
unnamed:_2,6.42,annual,cop_state,
unnamed:_2,,annual,cop_state,
unnamed:_2,18.839999999999996,annual,cop_state,
unnamed:_2,,annual,cop_state,
unnamed:_2,0.8000000000000007,annual,cop_state,
unnamed:_2,7.219999999999999,annual,cop_state,
unnamed:_2,      ,annual,cop_state,
unnamed:_2,      ,annual,cop_state,
unnamed:_2,1013,annual,cop_state,
unnamed:_2,17572,annual,cop_state,
unnamed:_2,36.16,annual,cop_state,
unnamed:_2,167,annual,cop_state,
unnamed:_2,0,annual,cop_state,
unnamed:_2,,annual,cop_state,
unnamed:_2,,annual,cop_state,
unnamed:_2,,annual,cop_state,
unnamed:_2,,annual,cop_state,
unnamed:_2,,annual,cop_state,
unnamed:_2,,annual,cop_state,
unnamed:_2,,annual,cop_state,
unnamed:_2,,annual,cop_state,
unnamed:_2,,annual,cop_state,
unnamed:_2,,annual,cop_state,
unnamed:_3,,annual,cop_state,
unnamed:_3,,annual,cop_state,
unnamed:_3,Georgia,annual,cop_state,
unnamed:_3,,annual,cop_state,
unnamed:_3,,annual,cop_state,
unnamed:_3,,annual,cop_state,
unnamed:_3,16.94,annual,cop_state,
unnamed:_3,0.95,annual,cop_state,
unnamed:_3,0.48,annual,cop_state,
unnamed:_3,18.37,annual,cop_state,
unnamed:_3,,annual,cop_state,
unnamed:_3,,annual,cop_state,
unnamed:_3,,annual,cop_state,
unnamed:_3,5.44,annual,cop_state,
unnamed:_3,1.95,annual,cop_state,
unnamed:_3,0.2,annual,cop_state,
unnamed:_3,7.590000000000001,annual,cop_state,
unnamed:_3,,annual,cop_state,
unnamed:_3,0.62,annual,cop_state,
unnamed:_3,0.03,annual,cop_state,
unnamed:_3,0.7,annual,cop_state,
unnamed:_3,0.79,annual,cop_state,
unnamed:_3,0.59,annual,cop_state,
unnamed:_3,0.56,annual,cop_state,
unnamed:_3,0,annual,cop_state,
unnamed:_3,0.18,annual,cop_state,
unnamed:_3,11.06,annual,cop_state,
unnamed:_3,,annual,cop_state,
unnamed:_3,,annual,cop_state,
unnamed:_3,2.19,annual,cop_state,
unnamed:_3,1.56,annual,cop_state,
unnamed:_3,3.11,annual,cop_state,
unnamed:_3,0.06,annual,cop_state,
unnamed:_3,0.17,annual,cop_state,
unnamed:_3,0.33,annual,cop_state,
unnamed:_3,7.419999999999999,annual,cop_state,
unnamed:_3,,annual,cop_state,
unnamed:_3,18.48,annual,cop_state,
unnamed:_3,,annual,cop_state,
unnamed:_3,-0.10999999999999943,annual,cop_state,
unnamed:_3,7.3100000000000005,annual,cop_state,
unnamed:_3,      ,annual,cop_state,
unnamed:_3,      ,annual,cop_state,
unnamed:_3,273,annual,cop_state,
unnamed:_3,17294,annual,cop_state,
unnamed:_3,8.6,annual,cop_state,
unnamed:_3,58,annual,cop_state,
unnamed:_3,0,annual,cop_state,
unnamed:_3,,annual,cop_state,
unnamed:_3,,annual,cop_state,
unnamed:_3,,annual,cop_state,
unnamed:_3,,annual,cop_state,
unnamed:_3,,annual,cop_state,
unnamed:_3,,annual,cop_state,
unnamed:_3,,annual,cop_state,
unnamed:_3,,annual,cop_state,
unnamed:_3,,annual,cop_state,
unnamed:_3,,annual,cop_state,
unnamed:_4,,annual,cop_state,
unnamed:_4,,annual,cop_state,
unnamed:_4,Idaho,annual,cop_state,
unnamed:_4,,annual,cop_state,
unnamed:_4,,annual,cop_state,
unnamed:_4,,annual,cop_state,
unnamed:_4,14.82,annual,cop_state,
unnamed:_4,1.29,annual,cop_state,
unnamed:_4,0.46,annual,cop_state,
unnamed:_4,16.57,annual,cop_state,
unnamed:_4,,annual,cop_state,
unnamed:_4,,annual,cop_state,
unnamed:_4,,annual,cop_state,
unnamed:_4,5.68,annual,cop_state,
unnamed:_4,3.17,annual,cop_state,
unnamed:_4,0.09,annual,cop_state,
unnamed:_4,8.94,annual,cop_state,
unnamed:_4,,annual,cop_state,
unnamed:_4,0.65,annual,cop_state,
unnamed:_4,0.22,annual,cop_state,
unnamed:_4,0.25,annual,cop_state,
unnamed:_4,0.53,annual,cop_state,
unnamed:_4,0.55,annual,cop_state,
unnamed:_4,0.64,annual,cop_state,
unnamed:_4,0,annual,cop_state,
unnamed:_4,0.2,annual,cop_state,
unnamed:_4,11.98,annual,cop_state,
unnamed:_4,,annual,cop_state,
unnamed:_4,,annual,cop_state,
unnamed:_4,1.53,annual,cop_state,
unnamed:_4,3.17,annual,cop_state,
unnamed:_4,3.5,annual,cop_state,
unnamed:_4,0.01,annual,cop_state,
unnamed:_4,0.21,annual,cop_state,
unnamed:_4,0.56,annual,cop_state,
unnamed:_4,8.98,annual,cop_state,
unnamed:_4,,annual,cop_state,
unnamed:_4,20.96,annual,cop_state,
unnamed:_4,,annual,cop_state,
unnamed:_4,-4.390000000000001,annual,cop_state,
unnamed:_4,4.59,annual,cop_state,
unnamed:_4,       ,annual,cop_state,
unnamed:_4,       ,annual,cop_state,
unnamed:_4,134,annual,cop_state,
unnamed:_4,17969,annual,cop_state,
unnamed:_4,1.26,annual,cop_state,
unnamed:_4,10,annual,cop_state,
unnamed:_4,1.08,annual,cop_state,
unnamed:_4,,annual,cop_state,
unnamed:_4,,annual,cop_state,
unnamed:_4,,annual,cop_state,
unnamed:_4,,annual,cop_state,
unnamed:_4,,annual,cop_state,
unnamed:_4,,annual,cop_state,
unnamed:_4,,annual,cop_state,
unnamed:_4,,annual,cop_state,
unnamed:_4,,annual,cop_state,
unnamed:_4,,annual,cop_state,
unnamed:_5,,annual,cop_state,
unnamed:_5,,annual,cop_state,
unnamed:_5,Illinois,annual,cop_state,
unnamed:_5,,annual,cop_state,
unnamed:_5,,annual,cop_state,
unnamed:_5,,annual,cop_state,
unnamed:_5,15.39,annual,cop_state,
unnamed:_5,1.25,annual,cop_state,
unnamed:_5,0.84,annual,cop_state,
unnamed:_5,17.48,annual,cop_state,
unnamed:_5,,annual,cop_state,
unnamed:_5,,annual,cop_state,
unnamed:_5,,annual,cop_state,
unnamed:_5,4.21,annual,cop_state,
unnamed:_5,3.33,annual,cop_state,
unnamed:_5,0.05,annual,cop_state,
unnamed:_5,7.59,annual,cop_state,
unnamed:_5,,annual,cop_state,
unnamed:_5,1.11,annual,cop_state,
unnamed:_5,0.32,annual,cop_state,
unnamed:_5,0.29,annual,cop_state,
unnamed:_5,0.43,annual,cop_state,
unnamed:_5,0.59,annual,cop_state,
unnamed:_5,0.72,annual,cop_state,
unnamed:_5,0,annual,cop_state,
unnamed:_5,0.19,annual,cop_state,
unnamed:_5,11.239999999999998,annual,cop_state,
unnamed:_5,,annual,cop_state,
unnamed:_5,,annual,cop_state,
unnamed:_5,1.31,annual,cop_state,
unnamed:_5,3.59,annual,cop_state,
unnamed:_5,3.97,annual,cop_state,
unnamed:_5,0.03,annual,cop_state,
unnamed:_5,0.2,annual,cop_state,
unnamed:_5,0.49,annual,cop_state,
unnamed:_5,9.59,annual,cop_state,
unnamed:_5,,annual,cop_state,
unnamed:_5,20.83,annual,cop_state,
unnamed:_5,,annual,cop_state,
unnamed:_5,-3.349999999999998,annual,cop_state,
unnamed:_5,6.240000000000002,annual,cop_state,
unnamed:_5,       ,annual,cop_state,
unnamed:_5,       ,annual,cop_state,
unnamed:_5,126,annual,cop_state,
unnamed:_5,18362,annual,cop_state,
unnamed:_5,2.07,annual,cop_state,
unnamed:_5,17,annual,cop_state,
unnamed:_5,0.13,annual,cop_state,
unnamed:_5,,annual,cop_state,
unnamed:_5,,annual,cop_state,
unnamed:_5,,annual,cop_state,
unnamed:_5,,annual,cop_state,
unnamed:_5,,annual,cop_state,
unnamed:_5,,annual,cop_state,
unnamed:_5,,annual,cop_state,
unnamed:_5,,annual,cop_state,
unnamed:_5,,annual,cop_state,
unnamed:_5,,annual,cop_state,
unnamed:_6,,annual,cop_state,
unnamed:_6,,annual,cop_state,
unnamed:_6,Indiana,annual,cop_state,
unnamed:_6,,annual,cop_state,
unnamed:_6,,annual,cop_state,
unnamed:_6,,annual,cop_state,
unnamed:_6,15.48,annual,cop_state,
unnamed:_6,1.36,annual,cop_state,
unnamed:_6,0.51,annual,cop_state,
unnamed:_6,17.35,annual,cop_state,
unnamed:_6,,annual,cop_state,
unnamed:_6,,annual,cop_state,
unnamed:_6,,annual,cop_state,
unnamed:_6,4.3,annual,cop_state,
unnamed:_6,2.9,annual,cop_state,
unnamed:_6,0.09,annual,cop_state,
unnamed:_6,7.289999999999999,annual,cop_state,
unnamed:_6,,annual,cop_state,
unnamed:_6,0.98,annual,cop_state,
unnamed:_6,0.38,annual,cop_state,
unnamed:_6,0.22,annual,cop_state,
unnamed:_6,0.65,annual,cop_state,
unnamed:_6,0.61,annual,cop_state,
unnamed:_6,0.67,annual,cop_state,
unnamed:_6,0,annual,cop_state,
unnamed:_6,0.18,annual,cop_state,
unnamed:_6,10.98,annual,cop_state,
unnamed:_6,,annual,cop_state,
unnamed:_6,,annual,cop_state,
unnamed:_6,1.22,annual,cop_state,
unnamed:_6,2.92,annual,cop_state,
unnamed:_6,3.2,annual,cop_state,
unnamed:_6,0.05,annual,cop_state,
unnamed:_6,0.2,annual,cop_state,
unnamed:_6,0.5,annual,cop_state,
unnamed:_6,8.09,annual,cop_state,
unnamed:_6,,annual,cop_state,
unnamed:_6,19.07,annual,cop_state,
unnamed:_6,,annual,cop_state,
unnamed:_6,-1.7199999999999989,annual,cop_state,
unnamed:_6,6.370000000000001,annual,cop_state,
unnamed:_6,       ,annual,cop_state,
unnamed:_6,       ,annual,cop_state,
unnamed:_6,130,annual,cop_state,
unnamed:_6,17750,annual,cop_state,
unnamed:_6,4.49,annual,cop_state,
unnamed:_6,45,annual,cop_state,
unnamed:_6,0.05,annual,cop_state,
unnamed:_6,,annual,cop_state,
unnamed:_6,,annual,cop_state,
unnamed:_6,,annual,cop_state,
unnamed:_6,,annual,cop_state,
unnamed:_6,,annual,cop_state,
unnamed:_6,,annual,cop_state,
unnamed:_6,,annual,cop_state,
unnamed:_6,,annual,cop_state,
unnamed:_6,,annual,cop_state,
unnamed:_6,,annual,cop_state,
unnamed:_7,,annual,cop_state,
unnamed:_7,,annual,cop_state,
unnamed:_7,Iowa,annual,cop_state,
unnamed:_7,,annual,cop_state,
unnamed:_7,,annual,cop_state,
unnamed:_7,,annual,cop_state,
unnamed:_7,15.13,annual,cop_state,
unnamed:_7,1.14,annual,cop_state,
unnamed:_7,0.39,annual,cop_state,
unnamed:_7,16.66,annual,cop_state,
unnamed:_7,,annual,cop_state,
unnamed:_7,,annual,cop_state,
unnamed:_7,,annual,cop_state,
unnamed:_7,3.87,annual,cop_state,
unnamed:_7,3.54,annual,cop_state,
unnamed:_7,0.17,annual,cop_state,
unnamed:_7,7.58,annual,cop_state,
unnamed:_7,,annual,cop_state,
unnamed:_7,0.97,annual,cop_state,
unnamed:_7,0.27,annual,cop_state,
unnamed:_7,0.28,annual,cop_state,
unnamed:_7,0.4,annual,cop_state,
unnamed:_7,0.45,annual,cop_state,
unnamed:_7,0.7,annual,cop_state,
unnamed:_7,0,annual,cop_state,
unnamed:_7,0.18,annual,cop_state,
unnamed:_7,10.829999999999998,annual,cop_state,
unnamed:_7,,annual,cop_state,
unnamed:_7,,annual,cop_state,
unnamed:_7,1.13,annual,cop_state,
unnamed:_7,3.11,annual,cop_state,
unnamed:_7,4.35,annual,cop_state,
unnamed:_7,0.05,annual,cop_state,
unnamed:_7,0.15,annual,cop_state,
unnamed:_7,0.84,annual,cop_state,
unnamed:_7,9.63,annual,cop_state,
unnamed:_7,,annual,cop_state,
unnamed:_7,20.46,annual,cop_state,
unnamed:_7,,annual,cop_state,
unnamed:_7,-3.8000000000000007,annual,cop_state,
unnamed:_7,5.830000000000002,annual,cop_state,
unnamed:_7,       ,annual,cop_state,
unnamed:_7,       ,annual,cop_state,
unnamed:_7,104,annual,cop_state,
unnamed:_7,19403,annual,cop_state,
unnamed:_7,1.3,annual,cop_state,
unnamed:_7,23,annual,cop_state,
unnamed:_7,0.9,annual,cop_state,
unnamed:_7,,annual,cop_state,
unnamed:_7,,annual,cop_state,
unnamed:_7,,annual,cop_state,
unnamed:_7,,annual,cop_state,
unnamed:_7,,annual,cop_state,
unnamed:_7,,annual,cop_state,
unnamed:_7,,annual,cop_state,
unnamed:_7,,annual,cop_state,
unnamed:_7,,annual,cop_state,
unnamed:_7,,annual,cop_state,
unnamed:_8,,annual,cop_state,
unnamed:_8,,annual,cop_state,
unnamed:_8,Kentucky,annual,cop_state,
unnamed:_8,,annual,cop_state,
unnamed:_8,,annual,cop_state,
unnamed:_8,,annual,cop_state,
unnamed:_8,15.41,annual,cop_state,
unnamed:_8,1.98,annual,cop_state,
unnamed:_8,0.54,annual,cop_state,
unnamed:_8,17.93,annual,cop_state,
unnamed:_8,,annual,cop_state,
unnamed:_8,,annual,cop_state,
unnamed:_8,,annual,cop_state,
unnamed:_8,4.03,annual,cop_state,
unnamed:_8,4.87,annual,cop_state,
unnamed:_8,0.39,annual,cop_state,
unnamed:_8,9.290000000000001,annual,cop_state,
unnamed:_8,,annual,cop_state,
unnamed:_8,0.49,annual,cop_state,
unnamed:_8,0.19,annual,cop_state,
unnamed:_8,0.24,annual,cop_state,
unnamed:_8,0.37,annual,cop_state,
unnamed:_8,0.51,annual,cop_state,
unnamed:_8,0.57,annual,cop_state,
unnamed:_8,0,annual,cop_state,
unnamed:_8,0.2,annual,cop_state,
unnamed:_8,11.86,annual,cop_state,
unnamed:_8,,annual,cop_state,
unnamed:_8,,annual,cop_state,
unnamed:_8,0.96,annual,cop_state,
unnamed:_8,5.79,annual,cop_state,
unnamed:_8,6.34,annual,cop_state,
unnamed:_8,0.09,annual,cop_state,
unnamed:_8,0.18,annual,cop_state,
unnamed:_8,0.64,annual,cop_state,
unnamed:_8,14,annual,cop_state,
unnamed:_8,,annual,cop_state,
unnamed:_8,25.86,annual,cop_state,
unnamed:_8,,annual,cop_state,
unnamed:_8,-7.93,annual,cop_state,
unnamed:_8,6.07,annual,cop_state,
unnamed:_8,       ,annual,cop_state,
unnamed:_8,       ,annual,cop_state,
unnamed:_8,77,annual,cop_state,
unnamed:_8,13534,annual,cop_state,
unnamed:_8,0.72,annual,cop_state,
unnamed:_8,2,annual,cop_state,
unnamed:_8,0,annual,cop_state,
unnamed:_8,,annual,cop_state,
unnamed:_8,,annual,cop_state,
unnamed:_8,,annual,cop_state,
unnamed:_8,,annual,cop_state,
unnamed:_8,,annual,cop_state,
unnamed:_8,,annual,cop_state,
unnamed:_8,,annual,cop_state,
unnamed:_8,,annual,cop_state,
unnamed:_8,,annual,cop_state,
unnamed:_8,,annual,cop_state,
unnamed:_9,,annual,cop_state,
unnamed:_9,,annual,cop_state,
unnamed:_9,Maine,annual,cop_state,
unnamed:_9,,annual,cop_state,
unnamed:_9,,annual,cop_state,
unnamed:_9,,annual,cop_state,
unnamed:_9,17.71,annual,cop_state,
unnamed:_9,1,annual,cop_state,
unnamed:_9,0.54,annual,cop_state,
unnamed:_9,19.25,annual,cop_state,
unnamed:_9,,annual,cop_state,
unnamed:_9,,annual,cop_state,
unnamed:_9,,annual,cop_state,
unnamed:_9,5.34,annual,cop_state,
unnamed:_9,4.84,annual,cop_state,
unnamed:_9,0.17,annual,cop_state,
unnamed:_9,10.35,annual,cop_state,
unnamed:_9,,annual,cop_state,
unnamed:_9,0.87,annual,cop_state,
unnamed:_9,0.33,annual,cop_state,
unnamed:_9,0.29,annual,cop_state,
unnamed:_9,0.29,annual,cop_state,
unnamed:_9,0.73,annual,cop_state,
unnamed:_9,0.78,annual,cop_state,
unnamed:_9,0.01,annual,cop_state,
unnamed:_9,0.23,annual,cop_state,
unnamed:_9,13.879999999999997,annual,cop_state,
unnamed:_9,,annual,cop_state,
unnamed:_9,,annual,cop_state,
unnamed:_9,2.98,annual,cop_state,
unnamed:_9,5.8,annual,cop_state,
unnamed:_9,5.18,annual,cop_state,
unnamed:_9,0.05,annual,cop_state,
unnamed:_9,0.44,annual,cop_state,
unnamed:_9,1.09,annual,cop_state,
unnamed:_9,15.54,annual,cop_state,
unnamed:_9,,annual,cop_state,
unnamed:_9,29.419999999999995,annual,cop_state,
unnamed:_9,,annual,cop_state,
unnamed:_9,-10.169999999999995,annual,cop_state,
unnamed:_9,5.370000000000003,annual,cop_state,
unnamed:_9,       ,annual,cop_state,
unnamed:_9,       ,annual,cop_state,
unnamed:_9,89,annual,cop_state,
unnamed:_9,18152,annual,cop_state,
unnamed:_9,2.15,annual,cop_state,
unnamed:_9,6,annual,cop_state,
unnamed:_9,7.49,annual,cop_state,
unnamed:_9,,annual,cop_state,
unnamed:_9,,annual,cop_state,
unnamed:_9,,annual,cop_state,
unnamed:_9,,annual,cop_state,
unnamed:_9,,annual,cop_state,
unnamed:_9,,annual,cop_state,
unnamed:_9,,annual,cop_state,
unnamed:_9,,annual,cop_state,
unnamed:_9,,annual,cop_state,
unnamed:_9,,annual,cop_state,
unnamed:_10,,annual,cop_state,
unnamed:_10,,annual,cop_state,
unnamed:_10,Michigan,annual,cop_state,
unnamed:_10,,annual,cop_state,
unnamed:_10,,annual,cop_state,
unnamed:_10,,annual,cop_state,
unnamed:_10,15.67,annual,cop_state,
unnamed:_10,1.56,annual,cop_state,
unnamed:_10,0.48,annual,cop_state,
unnamed:_10,17.71,annual,cop_state,
unnamed:_10,,annual,cop_state,
unnamed:_10,,annual,cop_state,
unnamed:_10,,annual,cop_state,
unnamed:_10,3.98,annual,cop_state,
unnamed:_10,3.67,annual,cop_state,
unnamed:_10,0.04,annual,cop_state,
unnamed:_10,7.69,annual,cop_state,
unnamed:_10,,annual,cop_state,
unnamed:_10,0.93,annual,cop_state,
unnamed:_10,0.22,annual,cop_state,
unnamed:_10,0.21,annual,cop_state,
unnamed:_10,0.44,annual,cop_state,
unnamed:_10,0.62,annual,cop_state,
unnamed:_10,0.71,annual,cop_state,
unnamed:_10,0,annual,cop_state,
unnamed:_10,0.18,annual,cop_state,
unnamed:_10,11,annual,cop_state,
unnamed:_10,,annual,cop_state,
unnamed:_10,,annual,cop_state,
unnamed:_10,1.55,annual,cop_state,
unnamed:_10,1.98,annual,cop_state,
unnamed:_10,3.12,annual,cop_state,
unnamed:_10,0.03,annual,cop_state,
unnamed:_10,0.22,annual,cop_state,
unnamed:_10,0.8,annual,cop_state,
unnamed:_10,7.7,annual,cop_state,
unnamed:_10,,annual,cop_state,
unnamed:_10,18.7,annual,cop_state,
unnamed:_10,,annual,cop_state,
unnamed:_10,-0.9899999999999984,annual,cop_state,
unnamed:_10,6.710000000000001,annual,cop_state,
unnamed:_10,       ,annual,cop_state,
unnamed:_10,       ,annual,cop_state,
unnamed:_10,145,annual,cop_state,
unnamed:_10,20664,annual,cop_state,
unnamed:_10,20.09,annual,cop_state,
unnamed:_10,50,annual,cop_state,
unnamed:_10,0.15,annual,cop_state,
unnamed:_10,,annual,cop_state,
unnamed:_10,,annual,cop_state,
unnamed:_10,,annual,cop_state,
unnamed:_10,,annual,cop_state,
unnamed:_10,,annual,cop_state,
unnamed:_10,,annual,cop_state,
unnamed:_10,,annual,cop_state,
unnamed:_10,,annual,cop_state,
unnamed:_10,,annual,cop_state,
unnamed:_10,,annual,cop_state,
unnamed:_11,,annual,cop_state,
unnamed:_11,,annual,cop_state,
unnamed:_11,Minnesota,annual,cop_state,
unnamed:_11,,annual,cop_state,
unnamed:_11,,annual,cop_state,
unnamed:_11,,annual,cop_state,
unnamed:_11,15.46,annual,cop_state,
unnamed:_11,1.53,annual,cop_state,
unnamed:_11,0.52,annual,cop_state,
unnamed:_11,17.51,annual,cop_state,
unnamed:_11,,annual,cop_state,
unnamed:_11,,annual,cop_state,
unnamed:_11,,annual,cop_state,
unnamed:_11,3.25,annual,cop_state,
unnamed:_11,4.28,annual,cop_state,
unnamed:_11,0.07,annual,cop_state,
unnamed:_11,7.6000000000000005,annual,cop_state,
unnamed:_11,,annual,cop_state,
unnamed:_11,1.09,annual,cop_state,
unnamed:_11,0.3,annual,cop_state,
unnamed:_11,0.21,annual,cop_state,
unnamed:_11,0.3,annual,cop_state,
unnamed:_11,0.68,annual,cop_state,
unnamed:_11,0.61,annual,cop_state,
unnamed:_11,0,annual,cop_state,
unnamed:_11,0.18,annual,cop_state,
unnamed:_11,10.970000000000002,annual,cop_state,
unnamed:_11,,annual,cop_state,
unnamed:_11,,annual,cop_state,
unnamed:_11,1.39,annual,cop_state,
unnamed:_11,3.7,annual,cop_state,
unnamed:_11,4.02,annual,cop_state,
unnamed:_11,0.04,annual,cop_state,
unnamed:_11,0.25,annual,cop_state,
unnamed:_11,0.68,annual,cop_state,
unnamed:_11,10.079999999999998,annual,cop_state,
unnamed:_11,,annual,cop_state,
unnamed:_11,21.05,annual,cop_state,
unnamed:_11,,annual,cop_state,
unnamed:_11,-3.539999999999999,annual,cop_state,
unnamed:_11,6.539999999999999,annual,cop_state,
unnamed:_11,       ,annual,cop_state,
unnamed:_11,       ,annual,cop_state,
unnamed:_11,89,annual,cop_state,
unnamed:_11,18943,annual,cop_state,
unnamed:_11,3.82,annual,cop_state,
unnamed:_11,15,annual,cop_state,
unnamed:_11,0.72,annual,cop_state,
unnamed:_11,,annual,cop_state,
unnamed:_11,,annual,cop_state,
unnamed:_11,,annual,cop_state,
unnamed:_11,,annual,cop_state,
unnamed:_11,,annual,cop_state,
unnamed:_11,,annual,cop_state,
unnamed:_11,,annual,cop_state,
unnamed:_11,,annual,cop_state,
unnamed:_11,,annual,cop_state,
unnamed:_11,,annual,cop_state,
unnamed:_12,,annual,cop_state,
unnamed:_12,,annual,cop_state,
unnamed:_12,Missouri,annual,cop_state,
unnamed:_12,,annual,cop_state,
unnamed:_12,Dollars per cwt sold,annual,cop_state,
unnamed:_12,,annual,cop_state,
unnamed:_12,14.59,annual,cop_state,
unnamed:_12,3.41,annual,cop_state,
unnamed:_12,0.5,annual,cop_state,
unnamed:_12,18.5,annual,cop_state,
unnamed:_12,,annual,cop_state,
unnamed:_12,,annual,cop_state,
unnamed:_12,,annual,cop_state,
unnamed:_12,5.13,annual,cop_state,
unnamed:_12,1.98,annual,cop_state,
unnamed:_12,0.29,annual,cop_state,
unnamed:_12,7.3999999999999995,annual,cop_state,
unnamed:_12,,annual,cop_state,
unnamed:_12,0.73,annual,cop_state,
unnamed:_12,0.13,annual,cop_state,
unnamed:_12,0.38,annual,cop_state,
unnamed:_12,0.16,annual,cop_state,
unnamed:_12,0.6,annual,cop_state,
unnamed:_12,0.74,annual,cop_state,
unnamed:_12,0,annual,cop_state,
unnamed:_12,0.17,annual,cop_state,
unnamed:_12,10.31,annual,cop_state,
unnamed:_12,,annual,cop_state,
unnamed:_12,,annual,cop_state,
unnamed:_12,1.05,annual,cop_state,
unnamed:_12,5.38,annual,cop_state,
unnamed:_12,4.9,annual,cop_state,
unnamed:_12,0.19,annual,cop_state,
unnamed:_12,0.35,annual,cop_state,
unnamed:_12,0.36,annual,cop_state,
unnamed:_12,12.229999999999999,annual,cop_state,
unnamed:_12,,annual,cop_state,
unnamed:_12,22.54,annual,cop_state,
unnamed:_12,,annual,cop_state,
unnamed:_12,-4.039999999999999,annual,cop_state,
unnamed:_12,8.19,annual,cop_state,
unnamed:_12,       ,annual,cop_state,
unnamed:_12,       ,annual,cop_state,
unnamed:_12,101,annual,cop_state,
unnamed:_12,15170,annual,cop_state,
unnamed:_12,0.14,annual,cop_state,
unnamed:_12,8,annual,cop_state,
unnamed:_12,0,annual,cop_state,
unnamed:_12,,annual,cop_state,
unnamed:_12,,annual,cop_state,
unnamed:_12,,annual,cop_state,
unnamed:_12,,annual,cop_state,
unnamed:_12,,annual,cop_state,
unnamed:_12,,annual,cop_state,
unnamed:_12,,annual,cop_state,
unnamed:_12,,annual,cop_state,
unnamed:_12,,annual,cop_state,
unnamed:_12,,annual,cop_state,
unnamed:_13,,annual,cop_state,
unnamed:_13,New,annual,cop_state,
unnamed:_13,Mexico,annual,cop_state,
unnamed:_13,,annual,cop_state,
unnamed:_13,,annual,cop_state,
unnamed:_13,,annual,cop_state,
unnamed:_13,13.8,annual,cop_state,
unnamed:_13,2.25,annual,cop_state,
unnamed:_13,0.46,annual,cop_state,
unnamed:_13,16.51,annual,cop_state,
unnamed:_13,,annual,cop_state,
unnamed:_13,,annual,cop_state,
unnamed:_13,,annual,cop_state,
unnamed:_13,5.51,annual,cop_state,
unnamed:_13,0.87,annual,cop_state,
unnamed:_13,0.01,annual,cop_state,
unnamed:_13,6.39,annual,cop_state,
unnamed:_13,,annual,cop_state,
unnamed:_13,0.51,annual,cop_state,
unnamed:_13,0,annual,cop_state,
unnamed:_13,0.36,annual,cop_state,
unnamed:_13,0.41,annual,cop_state,
unnamed:_13,0.29,annual,cop_state,
unnamed:_13,0.25,annual,cop_state,
unnamed:_13,0,annual,cop_state,
unnamed:_13,0.14,annual,cop_state,
unnamed:_13,8.350000000000001,annual,cop_state,
unnamed:_13,,annual,cop_state,
unnamed:_13,,annual,cop_state,
unnamed:_13,1.41,annual,cop_state,
unnamed:_13,0.15,annual,cop_state,
unnamed:_13,1.1,annual,cop_state,
unnamed:_13,0,annual,cop_state,
unnamed:_13,0.09,annual,cop_state,
unnamed:_13,0.17,annual,cop_state,
unnamed:_13,2.92,annual,cop_state,
unnamed:_13,,annual,cop_state,
unnamed:_13,11.270000000000001,annual,cop_state,
unnamed:_13,,annual,cop_state,
unnamed:_13,5.24,annual,cop_state,
unnamed:_13,8.16,annual,cop_state,
unnamed:_13,       ,annual,cop_state,
unnamed:_13,       ,annual,cop_state,
unnamed:_13,2344,annual,cop_state,
unnamed:_13,16928,annual,cop_state,
unnamed:_13,64.11,annual,cop_state,
unnamed:_13,285,annual,cop_state,
unnamed:_13,0,annual,cop_state,
unnamed:_13,,annual,cop_state,
unnamed:_13,,annual,cop_state,
unnamed:_13,,annual,cop_state,
unnamed:_13,,annual,cop_state,
unnamed:_13,,annual,cop_state,
unnamed:_13,,annual,cop_state,
unnamed:_13,,annual,cop_state,
unnamed:_13,,annual,cop_state,
unnamed:_13,,annual,cop_state,
unnamed:_13,,annual,cop_state,
unnamed:_14,,annual,cop_state,
unnamed:_14,New,annual,cop_state,
unnamed:_14,York,annual,cop_state,
unnamed:_14,,annual,cop_state,
unnamed:_14,,annual,cop_state,
unnamed:_14,,annual,cop_state,
unnamed:_14,15.91,annual,cop_state,
unnamed:_14,1.11,annual,cop_state,
unnamed:_14,0.55,annual,cop_state,
unnamed:_14,17.57,annual,cop_state,
unnamed:_14,,annual,cop_state,
unnamed:_14,,annual,cop_state,
unnamed:_14,,annual,cop_state,
unnamed:_14,3.93,annual,cop_state,
unnamed:_14,4.83,annual,cop_state,
unnamed:_14,0.1,annual,cop_state,
unnamed:_14,8.86,annual,cop_state,
unnamed:_14,,annual,cop_state,
unnamed:_14,0.8,annual,cop_state,
unnamed:_14,0.44,annual,cop_state,
unnamed:_14,0.23,annual,cop_state,
unnamed:_14,0.52,annual,cop_state,
unnamed:_14,0.75,annual,cop_state,
unnamed:_14,0.77,annual,cop_state,
unnamed:_14,0,annual,cop_state,
unnamed:_14,0.21,annual,cop_state,
unnamed:_14,12.58,annual,cop_state,
unnamed:_14,,annual,cop_state,
unnamed:_14,,annual,cop_state,
unnamed:_14,1.75,annual,cop_state,
unnamed:_14,3.63,annual,cop_state,
unnamed:_14,3.6,annual,cop_state,
unnamed:_14,0.02,annual,cop_state,
unnamed:_14,0.28,annual,cop_state,
unnamed:_14,0.74,annual,cop_state,
unnamed:_14,10.02,annual,cop_state,
unnamed:_14,,annual,cop_state,
unnamed:_14,22.6,annual,cop_state,
unnamed:_14,,annual,cop_state,
unnamed:_14,-5.030000000000001,annual,cop_state,
unnamed:_14,4.99,annual,cop_state,
unnamed:_14,       ,annual,cop_state,
unnamed:_14,       ,annual,cop_state,
unnamed:_14,119,annual,cop_state,
unnamed:_14,18835,annual,cop_state,
unnamed:_14,5.35,annual,cop_state,
unnamed:_14,20,annual,cop_state,
unnamed:_14,0.4,annual,cop_state,
unnamed:_14,,annual,cop_state,
unnamed:_14,,annual,cop_state,
unnamed:_14,,annual,cop_state,
unnamed:_14,,annual,cop_state,
unnamed:_14,,annual,cop_state,
unnamed:_14,,annual,cop_state,
unnamed:_14,,annual,cop_state,
unnamed:_14,,annual,cop_state,
unnamed:_14,,annual,cop_state,
unnamed:_14,,annual,cop_state,
unnamed:_15,,annual,cop_state,
unnamed:_15,,annual,cop_state,
unnamed:_15,Ohio,annual,cop_state,
unnamed:_15,,annual,cop_state,
unnamed:_15,,annual,cop_state,
unnamed:_15,,annual,cop_state,
unnamed:_15,15.54,annual,cop_state,
unnamed:_15,1.41,annual,cop_state,
unnamed:_15,0.44,annual,cop_state,
unnamed:_15,17.39,annual,cop_state,
unnamed:_15,,annual,cop_state,
unnamed:_15,,annual,cop_state,
unnamed:_15,,annual,cop_state,
unnamed:_15,4.17,annual,cop_state,
unnamed:_15,3.32,annual,cop_state,
unnamed:_15,0.08,annual,cop_state,
unnamed:_15,7.57,annual,cop_state,
unnamed:_15,,annual,cop_state,
unnamed:_15,1.01,annual,cop_state,
unnamed:_15,0.34,annual,cop_state,
unnamed:_15,0.26,annual,cop_state,
unnamed:_15,0.47,annual,cop_state,
unnamed:_15,0.56,annual,cop_state,
unnamed:_15,0.69,annual,cop_state,
unnamed:_15,0,annual,cop_state,
unnamed:_15,0.18,annual,cop_state,
unnamed:_15,11.08,annual,cop_state,
unnamed:_15,,annual,cop_state,
unnamed:_15,,annual,cop_state,
unnamed:_15,1.36,annual,cop_state,
unnamed:_15,3.43,annual,cop_state,
unnamed:_15,3.68,annual,cop_state,
unnamed:_15,0.06,annual,cop_state,
unnamed:_15,0.22,annual,cop_state,
unnamed:_15,0.66,annual,cop_state,
unnamed:_15,9.410000000000002,annual,cop_state,
unnamed:_15,,annual,cop_state,
unnamed:_15,20.490000000000002,annual,cop_state,
unnamed:_15,,annual,cop_state,
unnamed:_15,-3.1000000000000014,annual,cop_state,
unnamed:_15,6.3100000000000005,annual,cop_state,
unnamed:_15,       ,annual,cop_state,
unnamed:_15,       ,annual,cop_state,
unnamed:_15,97,annual,cop_state,
unnamed:_15,17912,annual,cop_state,
unnamed:_15,2.6,annual,cop_state,
unnamed:_15,21,annual,cop_state,
unnamed:_15,0.43,annual,cop_state,
unnamed:_15,,annual,cop_state,
unnamed:_15,,annual,cop_state,
unnamed:_15,,annual,cop_state,
unnamed:_15,,annual,cop_state,
unnamed:_15,,annual,cop_state,
unnamed:_15,,annual,cop_state,
unnamed:_15,,annual,cop_state,
unnamed:_15,,annual,cop_state,
unnamed:_15,,annual,cop_state,
unnamed:_15,,annual,cop_state,
unnamed:_16,,annual,cop_state,
unnamed:_16,,annual,cop_state,
unnamed:_16,Oregon,annual,cop_state,
unnamed:_16,,annual,cop_state,
unnamed:_16,,annual,cop_state,
unnamed:_16,,annual,cop_state,
unnamed:_16,15.64,annual,cop_state,
unnamed:_16,1.07,annual,cop_state,
unnamed:_16,0.69,annual,cop_state,
unnamed:_16,17.400000000000002,annual,cop_state,
unnamed:_16,,annual,cop_state,
unnamed:_16,,annual,cop_state,
unnamed:_16,,annual,cop_state,
unnamed:_16,6.63,annual,cop_state,
unnamed:_16,1.83,annual,cop_state,
unnamed:_16,0.18,annual,cop_state,
unnamed:_16,8.64,annual,cop_state,
unnamed:_16,,annual,cop_state,
unnamed:_16,0.67,annual,cop_state,
unnamed:_16,0.16,annual,cop_state,
unnamed:_16,0.21,annual,cop_state,
unnamed:_16,0.38,annual,cop_state,
unnamed:_16,0.57,annual,cop_state,
unnamed:_16,0.72,annual,cop_state,
unnamed:_16,0,annual,cop_state,
unnamed:_16,0.19,annual,cop_state,
unnamed:_16,11.540000000000003,annual,cop_state,
unnamed:_16,,annual,cop_state,
unnamed:_16,,annual,cop_state,
unnamed:_16,1.97,annual,cop_state,
unnamed:_16,1.7,annual,cop_state,
unnamed:_16,2.33,annual,cop_state,
unnamed:_16,0.02,annual,cop_state,
unnamed:_16,0.19,annual,cop_state,
unnamed:_16,0.53,annual,cop_state,
unnamed:_16,6.74,annual,cop_state,
unnamed:_16,,annual,cop_state,
unnamed:_16,18.28,annual,cop_state,
unnamed:_16,,annual,cop_state,
unnamed:_16,-0.879999999999999,annual,cop_state,
unnamed:_16,5.859999999999999,annual,cop_state,
unnamed:_16,       ,annual,cop_state,
unnamed:_16,       ,annual,cop_state,
unnamed:_16,292,annual,cop_state,
unnamed:_16,18243,annual,cop_state,
unnamed:_16,5.95,annual,cop_state,
unnamed:_16,7,annual,cop_state,
unnamed:_16,5.36,annual,cop_state,
unnamed:_16,,annual,cop_state,
unnamed:_16,,annual,cop_state,
unnamed:_16,,annual,cop_state,
unnamed:_16,,annual,cop_state,
unnamed:_16,,annual,cop_state,
unnamed:_16,,annual,cop_state,
unnamed:_16,,annual,cop_state,
unnamed:_16,,annual,cop_state,
unnamed:_16,,annual,cop_state,
unnamed:_16,,annual,cop_state,
unnamed:_17,,annual,cop_state,
unnamed:_17,,annual,cop_state,
unnamed:_17,Pennsylvania,annual,cop_state,
unnamed:_17,,annual,cop_state,
unnamed:_17,,annual,cop_state,
unnamed:_17,,annual,cop_state,
unnamed:_17,16.02,annual,cop_state,
unnamed:_17,1.17,annual,cop_state,
unnamed:_17,0.47,annual,cop_state,
unnamed:_17,17.659999999999997,annual,cop_state,
unnamed:_17,,annual,cop_state,
unnamed:_17,,annual,cop_state,
unnamed:_17,,annual,cop_state,
unnamed:_17,4.1,annual,cop_state,
unnamed:_17,4.97,annual,cop_state,
unnamed:_17,0.12,annual,cop_state,
unnamed:_17,9.19,annual,cop_state,
unnamed:_17,,annual,cop_state,
unnamed:_17,1.02,annual,cop_state,
unnamed:_17,0.56,annual,cop_state,
unnamed:_17,0.3,annual,cop_state,
unnamed:_17,0.56,annual,cop_state,
unnamed:_17,0.75,annual,cop_state,
unnamed:_17,0.76,annual,cop_state,
unnamed:_17,0,annual,cop_state,
unnamed:_17,0.22,annual,cop_state,
unnamed:_17,13.360000000000001,annual,cop_state,
unnamed:_17,,annual,cop_state,
unnamed:_17,,annual,cop_state,
unnamed:_17,0.89,annual,cop_state,
unnamed:_17,4.22,annual,cop_state,
unnamed:_17,3.19,annual,cop_state,
unnamed:_17,0.05,annual,cop_state,
unnamed:_17,0.27,annual,cop_state,
unnamed:_17,0.63,annual,cop_state,
unnamed:_17,9.25,annual,cop_state,
unnamed:_17,,annual,cop_state,
unnamed:_17,22.61,annual,cop_state,
unnamed:_17,,annual,cop_state,
unnamed:_17,-4.950000000000003,annual,cop_state,
unnamed:_17,4.299999999999995,annual,cop_state,
unnamed:_17,       ,annual,cop_state,
unnamed:_17,       ,annual,cop_state,
unnamed:_17,85,annual,cop_state,
unnamed:_17,19069,annual,cop_state,
unnamed:_17,13.14,annual,cop_state,
unnamed:_17,19,annual,cop_state,
unnamed:_17,0.59,annual,cop_state,
unnamed:_17,,annual,cop_state,
unnamed:_17,,annual,cop_state,
unnamed:_17,,annual,cop_state,
unnamed:_17,,annual,cop_state,
unnamed:_17,,annual,cop_state,
unnamed:_17,,annual,cop_state,
unnamed:_17,,annual,cop_state,
unnamed:_17,,annual,cop_state,
unnamed:_17,,annual,cop_state,
unnamed:_17,,annual,cop_state,
unnamed:_18,,annual,cop_state,
unnamed:_18,,annual,cop_state,
unnamed:_18,Tennessee,annual,cop_state,
unnamed:_18,,annual,cop_state,
unnamed:_18,,annual,cop_state,
unnamed:_18,,annual,cop_state,
unnamed:_18,16.04,annual,cop_state,
unnamed:_18,1.35,annual,cop_state,
unnamed:_18,0.64,annual,cop_state,
unnamed:_18,18.03,annual,cop_state,
unnamed:_18,,annual,cop_state,
unnamed:_18,,annual,cop_state,
unnamed:_18,,annual,cop_state,
unnamed:_18,5.6,annual,cop_state,
unnamed:_18,4.47,annual,cop_state,
unnamed:_18,0.27,annual,cop_state,
unnamed:_18,10.34,annual,cop_state,
unnamed:_18,,annual,cop_state,
unnamed:_18,0.73,annual,cop_state,
unnamed:_18,0.09,annual,cop_state,
unnamed:_18,0.26,annual,cop_state,
unnamed:_18,0.58,annual,cop_state,
unnamed:_18,0.87,annual,cop_state,
unnamed:_18,0.76,annual,cop_state,
unnamed:_18,0,annual,cop_state,
unnamed:_18,0.23,annual,cop_state,
unnamed:_18,13.86,annual,cop_state,
unnamed:_18,,annual,cop_state,
unnamed:_18,,annual,cop_state,
unnamed:_18,1.97,annual,cop_state,
unnamed:_18,4.64,annual,cop_state,
unnamed:_18,5.73,annual,cop_state,
unnamed:_18,0.08,annual,cop_state,
unnamed:_18,0.24,annual,cop_state,
unnamed:_18,0.6,annual,cop_state,
unnamed:_18,13.26,annual,cop_state,
unnamed:_18,,annual,cop_state,
unnamed:_18,27.119999999999997,annual,cop_state,
unnamed:_18,,annual,cop_state,
unnamed:_18,-9.089999999999996,annual,cop_state,
unnamed:_18,4.170000000000002,annual,cop_state,
unnamed:_18,       ,annual,cop_state,
unnamed:_18,       ,annual,cop_state,
unnamed:_18,110,annual,cop_state,
unnamed:_18,14558,annual,cop_state,
unnamed:_18,1.44,annual,cop_state,
unnamed:_18,4,annual,cop_state,
unnamed:_18,0,annual,cop_state,
unnamed:_18,,annual,cop_state,
unnamed:_18,,annual,cop_state,
unnamed:_18,,annual,cop_state,
unnamed:_18,,annual,cop_state,
unnamed:_18,,annual,cop_state,
unnamed:_18,,annual,cop_state,
unnamed:_18,,annual,cop_state,
unnamed:_18,,annual,cop_state,
unnamed:_18,,annual,cop_state,
unnamed:_18,,annual,cop_state,
unnamed:_19,,annual,cop_state,
unnamed:_19,,annual,cop_state,
unnamed:_19,Texas,annual,cop_state,
unnamed:_19,,annual,cop_state,
unnamed:_19,,annual,cop_state,
unnamed:_19,,annual,cop_state,
unnamed:_19,15.07,annual,cop_state,
unnamed:_19,1.2,annual,cop_state,
unnamed:_19,0.47,annual,cop_state,
unnamed:_19,16.74,annual,cop_state,
unnamed:_19,,annual,cop_state,
unnamed:_19,,annual,cop_state,
unnamed:_19,,annual,cop_state,
unnamed:_19,7.18,annual,cop_state,
unnamed:_19,0.91,annual,cop_state,
unnamed:_19,0.16,annual,cop_state,
unnamed:_19,8.25,annual,cop_state,
unnamed:_19,,annual,cop_state,
unnamed:_19,0.59,annual,cop_state,
unnamed:_19,0.14,annual,cop_state,
unnamed:_19,0.27,annual,cop_state,
unnamed:_19,0.46,annual,cop_state,
unnamed:_19,0.61,annual,cop_state,
unnamed:_19,0.43,annual,cop_state,
unnamed:_19,0,annual,cop_state,
unnamed:_19,0.18,annual,cop_state,
unnamed:_19,10.93,annual,cop_state,
unnamed:_19,,annual,cop_state,
unnamed:_19,,annual,cop_state,
unnamed:_19,1.27,annual,cop_state,
unnamed:_19,1.29,annual,cop_state,
unnamed:_19,2.72,annual,cop_state,
unnamed:_19,0.02,annual,cop_state,
unnamed:_19,0.14,annual,cop_state,
unnamed:_19,0.35,annual,cop_state,
unnamed:_19,5.789999999999999,annual,cop_state,
unnamed:_19,,annual,cop_state,
unnamed:_19,16.72,annual,cop_state,
unnamed:_19,,annual,cop_state,
unnamed:_19,0.019999999999999574,annual,cop_state,
unnamed:_19,5.809999999999999,annual,cop_state,
unnamed:_19,       ,annual,cop_state,
unnamed:_19,       ,annual,cop_state,
unnamed:_19,403,annual,cop_state,
unnamed:_19,16708,annual,cop_state,
unnamed:_19,14.81,annual,cop_state,
unnamed:_19,43,annual,cop_state,
unnamed:_19,0.08,annual,cop_state,
unnamed:_19,,annual,cop_state,
unnamed:_19,,annual,cop_state,
unnamed:_19,,annual,cop_state,
unnamed:_19,,annual,cop_state,
unnamed:_19,,annual,cop_state,
unnamed:_19,,annual,cop_state,
unnamed:_19,,annual,cop_state,
unnamed:_19,,annual,cop_state,
unnamed:_19,,annual,cop_state,
unnamed:_19,,annual,cop_state,
unnamed:_20,,annual,cop_state,
unnamed:_20,,annual,cop_state,
unnamed:_20,Vermont,annual,cop_state,
unnamed:_20,,annual,cop_state,
unnamed:_20,,annual,cop_state,
unnamed:_20,,annual,cop_state,
unnamed:_20,16.23,annual,cop_state,
unnamed:_20,1.11,annual,cop_state,
unnamed:_20,0.68,annual,cop_state,
unnamed:_20,18.02,annual,cop_state,
unnamed:_20,,annual,cop_state,
unnamed:_20,,annual,cop_state,
unnamed:_20,,annual,cop_state,
unnamed:_20,4.29,annual,cop_state,
unnamed:_20,3.8,annual,cop_state,
unnamed:_20,0.17,annual,cop_state,
unnamed:_20,8.26,annual,cop_state,
unnamed:_20,,annual,cop_state,
unnamed:_20,0.76,annual,cop_state,
unnamed:_20,0.37,annual,cop_state,
unnamed:_20,0.24,annual,cop_state,
unnamed:_20,0.4,annual,cop_state,
unnamed:_20,0.66,annual,cop_state,
unnamed:_20,0.5,annual,cop_state,
unnamed:_20,0,annual,cop_state,
unnamed:_20,0.19,annual,cop_state,
unnamed:_20,11.379999999999999,annual,cop_state,
unnamed:_20,,annual,cop_state,
unnamed:_20,,annual,cop_state,
unnamed:_20,1.8,annual,cop_state,
unnamed:_20,2.98,annual,cop_state,
unnamed:_20,3.21,annual,cop_state,
unnamed:_20,0.06,annual,cop_state,
unnamed:_20,0.33,annual,cop_state,
unnamed:_20,1,annual,cop_state,
unnamed:_20,9.38,annual,cop_state,
unnamed:_20,,annual,cop_state,
unnamed:_20,20.759999999999998,annual,cop_state,
unnamed:_20,,annual,cop_state,
unnamed:_20,-2.7399999999999984,annual,cop_state,
unnamed:_20,6.640000000000001,annual,cop_state,
unnamed:_20,       ,annual,cop_state,
unnamed:_20,       ,annual,cop_state,
unnamed:_20,127,annual,cop_state,
unnamed:_20,17968,annual,cop_state,
unnamed:_20,6.78,annual,cop_state,
unnamed:_20,10,annual,cop_state,
unnamed:_20,2.44,annual,cop_state,
unnamed:_20,,annual,cop_state,
unnamed:_20,,annual,cop_state,
unnamed:_20,,annual,cop_state,
unnamed:_20,,annual,cop_state,
unnamed:_20,,annual,cop_state,
unnamed:_20,,annual,cop_state,
unnamed:_20,,annual,cop_state,
unnamed:_20,,annual,cop_state,
unnamed:_20,,annual,cop_state,
unnamed:_20,,annual,cop_state,
unnamed:_21,,annual,cop_state,
unnamed:_21,,annual,cop_state,
unnamed:_21,Virginia,annual,cop_state,
unnamed:_21,,annual,cop_state,
unnamed:_21,,annual,cop_state,
unnamed:_21,,annual,cop_state,
unnamed:_21,16.43,annual,cop_state,
unnamed:_21,1.55,annual,cop_state,
unnamed:_21,0.6,annual,cop_state,
unnamed:_21,18.580000000000002,annual,cop_state,
unnamed:_21,,annual,cop_state,
unnamed:_21,,annual,cop_state,
unnamed:_21,,annual,cop_state,
unnamed:_21,4.82,annual,cop_state,
unnamed:_21,4.74,annual,cop_state,
unnamed:_21,0.13,annual,cop_state,
unnamed:_21,9.690000000000001,annual,cop_state,
unnamed:_21,,annual,cop_state,
unnamed:_21,1.18,annual,cop_state,
unnamed:_21,0.23,annual,cop_state,
unnamed:_21,0.33,annual,cop_state,
unnamed:_21,0.54,annual,cop_state,
unnamed:_21,0.66,annual,cop_state,
unnamed:_21,0.85,annual,cop_state,
unnamed:_21,0,annual,cop_state,
unnamed:_21,0.23,annual,cop_state,
unnamed:_21,13.710000000000003,annual,cop_state,
unnamed:_21,,annual,cop_state,
unnamed:_21,,annual,cop_state,
unnamed:_21,1.96,annual,cop_state,
unnamed:_21,3.12,annual,cop_state,
unnamed:_21,4.01,annual,cop_state,
unnamed:_21,0.04,annual,cop_state,
unnamed:_21,0.3,annual,cop_state,
unnamed:_21,0.86,annual,cop_state,
unnamed:_21,10.29,annual,cop_state,
unnamed:_21,,annual,cop_state,
unnamed:_21,24,annual,cop_state,
unnamed:_21,,annual,cop_state,
unnamed:_21,-5.419999999999998,annual,cop_state,
unnamed:_21,4.869999999999999,annual,cop_state,
unnamed:_21,       ,annual,cop_state,
unnamed:_21,       ,annual,cop_state,
unnamed:_21,125,annual,cop_state,
unnamed:_21,18933,annual,cop_state,
unnamed:_21,5.86,annual,cop_state,
unnamed:_21,21,annual,cop_state,
unnamed:_21,0,annual,cop_state,
unnamed:_21,,annual,cop_state,
unnamed:_21,,annual,cop_state,
unnamed:_21,,annual,cop_state,
unnamed:_21,,annual,cop_state,
unnamed:_21,,annual,cop_state,
unnamed:_21,,annual,cop_state,
unnamed:_21,,annual,cop_state,
unnamed:_21,,annual,cop_state,
unnamed:_21,,annual,cop_state,
unnamed:_21,,annual,cop_state,
unnamed:_22,,annual,cop_state,
unnamed:_22,,annual,cop_state,
unnamed:_22,Washington,annual,cop_state,
unnamed:_22,,annual,cop_state,
unnamed:_22,,annual,cop_state,
unnamed:_22,,annual,cop_state,
unnamed:_22,15.03,annual,cop_state,
unnamed:_22,0.8,annual,cop_state,
unnamed:_22,0.37,annual,cop_state,
unnamed:_22,16.2,annual,cop_state,
unnamed:_22,,annual,cop_state,
unnamed:_22,,annual,cop_state,
unnamed:_22,,annual,cop_state,
unnamed:_22,5.67,annual,cop_state,
unnamed:_22,1.37,annual,cop_state,
unnamed:_22,0.03,annual,cop_state,
unnamed:_22,7.07,annual,cop_state,
unnamed:_22,,annual,cop_state,
unnamed:_22,0.73,annual,cop_state,
unnamed:_22,0.19,annual,cop_state,
unnamed:_22,0.28,annual,cop_state,
unnamed:_22,0.35,annual,cop_state,
unnamed:_22,0.34,annual,cop_state,
unnamed:_22,0.46,annual,cop_state,
unnamed:_22,0,annual,cop_state,
unnamed:_22,0.16,annual,cop_state,
unnamed:_22,9.580000000000002,annual,cop_state,
unnamed:_22,,annual,cop_state,
unnamed:_22,,annual,cop_state,
unnamed:_22,1.74,annual,cop_state,
unnamed:_22,0.48,annual,cop_state,
unnamed:_22,1.41,annual,cop_state,
unnamed:_22,0.01,annual,cop_state,
unnamed:_22,0.13,annual,cop_state,
unnamed:_22,0.31,annual,cop_state,
unnamed:_22,4.079999999999999,annual,cop_state,
unnamed:_22,,annual,cop_state,
unnamed:_22,13.66,annual,cop_state,
unnamed:_22,,annual,cop_state,
unnamed:_22,2.539999999999999,annual,cop_state,
unnamed:_22,6.619999999999997,annual,cop_state,
unnamed:_22,        ,annual,cop_state,
unnamed:_22,        ,annual,cop_state,
unnamed:_22,645,annual,cop_state,
unnamed:_22,23467,annual,cop_state,
unnamed:_22,36.45,annual,cop_state,
unnamed:_22,72,annual,cop_state,
unnamed:_22,0.56,annual,cop_state,
unnamed:_22,,annual,cop_state,
unnamed:_22,,annual,cop_state,
unnamed:_22,,annual,cop_state,
unnamed:_22,,annual,cop_state,
unnamed:_22,,annual,cop_state,
unnamed:_22,,annual,cop_state,
unnamed:_22,,annual,cop_state,
unnamed:_22,,annual,cop_state,
unnamed:_22,,annual,cop_state,
unnamed:_22,,annual,cop_state,
unnamed:_23,,annual,cop_state,
unnamed:_23,,annual,cop_state,
unnamed:_23,Wisconsin,annual,cop_state,
unnamed:_23,,annual,cop_state,
unnamed:_23,,annual,cop_state,
unnamed:_23,,annual,cop_state,
unnamed:_23,15.92,annual,cop_state,
unnamed:_23,1.28,annual,cop_state,
unnamed:_23,0.48,annual,cop_state,
unnamed:_23,17.68,annual,cop_state,
unnamed:_23,,annual,cop_state,
unnamed:_23,,annual,cop_state,
unnamed:_23,,annual,cop_state,
unnamed:_23,3.6,annual,cop_state,
unnamed:_23,4.32,annual,cop_state,
unnamed:_23,0.1,annual,cop_state,
unnamed:_23,8.02,annual,cop_state,
unnamed:_23,,annual,cop_state,
unnamed:_23,0.94,annual,cop_state,
unnamed:_23,0.23,annual,cop_state,
unnamed:_23,0.2,annual,cop_state,
unnamed:_23,0.37,annual,cop_state,
unnamed:_23,0.56,annual,cop_state,
unnamed:_23,0.62,annual,cop_state,
unnamed:_23,0,annual,cop_state,
unnamed:_23,0.18,annual,cop_state,
unnamed:_23,11.119999999999997,annual,cop_state,
unnamed:_23,,annual,cop_state,
unnamed:_23,,annual,cop_state,
unnamed:_23,1.4,annual,cop_state,
unnamed:_23,3.3,annual,cop_state,
unnamed:_23,2.97,annual,cop_state,
unnamed:_23,0.03,annual,cop_state,
unnamed:_23,0.29,annual,cop_state,
unnamed:_23,0.69,annual,cop_state,
unnamed:_23,8.68,annual,cop_state,
unnamed:_23,,annual,cop_state,
unnamed:_23,19.799999999999997,annual,cop_state,
unnamed:_23,,annual,cop_state,
unnamed:_23,-2.1199999999999974,annual,cop_state,
unnamed:_23,6.560000000000002,annual,cop_state,
unnamed:_23,       ,annual,cop_state,
unnamed:_23,       ,annual,cop_state,
unnamed:_23,92,annual,cop_state,
unnamed:_23,19581,annual,cop_state,
unnamed:_23,6.24,annual,cop_state,
unnamed:_23,16,annual,cop_state,
unnamed:_23,0.82,annual,cop_state,
unnamed:_23,,annual,cop_state,
unnamed:_23,,annual,cop_state,
unnamed:_23,,annual,cop_state,
unnamed:_23,,annual,cop_state,
unnamed:_23,,annual,cop_state,
unnamed:_23,,annual,cop_state,
unnamed:_23,,annual,cop_state,
unnamed:_23,,annual,cop_state,
unnamed:_23,,annual,cop_state,
unnamed:_23,,annual,cop_state,
unnamed:_24,,annual,cop_state,
unnamed:_24,All,annual,cop_state,
unnamed:_24,States,annual,cop_state,
unnamed:_24,,annual,cop_state,
unnamed:_24,,annual,cop_state,
unnamed:_24,,annual,cop_state,
unnamed:_24,15.23,annual,cop_state,
unnamed:_24,1.3,annual,cop_state,
unnamed:_24,0.5,annual,cop_state,
unnamed:_24,17.03,annual,cop_state,
unnamed:_24,       ,annual,cop_state,
unnamed:_24,       ,annual,cop_state,
unnamed:_24,,annual,cop_state,
unnamed:_24,5.03,annual,cop_state,
unnamed:_24,3.02,annual,cop_state,
unnamed:_24,0.09,annual,cop_state,
unnamed:_24,8.14,annual,cop_state,
unnamed:_24,       ,annual,cop_state,
unnamed:_24,0.78,annual,cop_state,
unnamed:_24,0.22,annual,cop_state,
unnamed:_24,0.26,annual,cop_state,
unnamed:_24,0.41,annual,cop_state,
unnamed:_24,0.55,annual,cop_state,
unnamed:_24,0.56,annual,cop_state,
unnamed:_24,0,annual,cop_state,
unnamed:_24,0.18,annual,cop_state,
unnamed:_24,11.100000000000001,annual,cop_state,
unnamed:_24,       ,annual,cop_state,
unnamed:_24,       ,annual,cop_state,
unnamed:_24,1.47,annual,cop_state,
unnamed:_24,2.3,annual,cop_state,
unnamed:_24,2.83,annual,cop_state,
unnamed:_24,0.03,annual,cop_state,
unnamed:_24,0.21,annual,cop_state,
unnamed:_24,0.52,annual,cop_state,
unnamed:_24,7.359999999999999,annual,cop_state,
unnamed:_24,       ,annual,cop_state,
unnamed:_24,18.46,annual,cop_state,
unnamed:_24,       ,annual,cop_state,
unnamed:_24,-1.4299999999999997,annual,cop_state,
unnamed:_24,5.93,annual,cop_state,
unnamed:_24,       ,annual,cop_state,
unnamed:_24,       ,annual,cop_state,
unnamed:_24,155,annual,cop_state,
unnamed:_24,18951,annual,cop_state,
unnamed:_24,7.02,annual,cop_state,
unnamed:_24,24,annual,cop_state,
unnamed:_24,0.59,annual,cop_state,
unnamed:_24,,annual,cop_state,
unnamed:_24,,annual,cop_state,
unnamed:_24,,annual,cop_state,
unnamed:_24,,annual,cop_state,
unnamed:_24,,annual,cop_state,
unnamed:_24,,annual,cop_state,
unnamed:_24,,annual,cop_state,
unnamed:_24,,annual,cop_state,
unnamed:_24,,annual,cop_state,
unnamed:_24,,annual,cop_state,
